recall,precision
0.0,1.0
0.0020161290322580645,1.0
0.004032258064516129,1.0
0.006048387096774193,1.0
0.008064516129032258,1.0
0.010080645161290322,1.0
0.012096774193548387,1.0
0.014112903225806451,1.0
0.016129032258064516,1.0
0.018145161290322582,1.0
0.020161290322580645,1.0
0.02217741935483871,1.0
0.024193548387096774,1.0
0.02620967741935484,1.0
0.028225806451612902,1.0
0.03024193548387097,1.0
0.03225806451612903,1.0
0.034274193548387094,1.0
0.036290322580645164,1.0
0.038306451612903226,1.0
0.04032258064516129,1.0
0.04233870967741935,1.0
0.04435483870967742,1.0
0.046370967741935484,1.0
0.04838709677419355,1.0
0.05040322580645161,1.0
0.05241935483870968,1.0
0.05443548387096774,1.0
0.056451612903225805,1.0
0.05846774193548387,1.0
0.06048387096774194,1.0
0.0625,1.0
0.06451612903225806,1.0
0.06653225806451613,1.0
0.06854838709677419,1.0
0.07056451612903226,1.0
0.07258064516129033,1.0
0.07459677419354839,1.0
0.07661290322580645,1.0
0.07862903225806452,1.0
0.08064516129032258,1.0
0.08266129032258064,1.0
0.0846774193548387,1.0
0.08669354838709678,1.0
0.08870967741935484,1.0
0.0907258064516129,1.0
0.09274193548387097,1.0
0.09475806451612903,1.0
0.0967741935483871,1.0
0.09879032258064516,1.0
0.10080645161290322,1.0
0.1028225806451613,1.0
0.10483870967741936,1.0
0.10685483870967742,1.0
0.10887096774193548,1.0
0.11088709677419355,1.0
0.11290322580645161,1.0
0.11491935483870967,1.0
0.11693548387096774,1.0
0.11895161290322581,1.0
0.12096774193548387,1.0
0.12298387096774194,1.0
0.125,1.0
0.12701612903225806,1.0
0.12903225806451613,1.0
0.1310483870967742,1.0
0.13306451612903225,1.0
0.1350806451612903,1.0
0.13709677419354838,1.0
0.13911290322580644,1.0
0.14112903225806453,1.0
0.1431451612903226,1.0
0.14516129032258066,1.0
0.14717741935483872,1.0
0.14919354838709678,1.0
0.15120967741935484,1.0
0.1532258064516129,1.0
0.15524193548387097,1.0
0.15725806451612903,1.0
0.1592741935483871,1.0
0.16129032258064516,1.0
0.16330645161290322,1.0
0.16532258064516128,1.0
0.16733870967741934,1.0
0.1693548387096774,1.0
0.17137096774193547,1.0
0.17338709677419356,1.0
0.17540322580645162,1.0
0.1774193548387097,1.0
0.17943548387096775,1.0
0.1814516129032258,1.0
0.18346774193548387,1.0
0.18548387096774194,1.0
0.1875,1.0
0.1875,0.9893617021276596
0.18951612903225806,0.9894736842105263
0.19153225806451613,0.9895833333333334
0.1935483870967742,0.9896907216494846
0.19556451612903225,0.9897959183673469
0.1975806451612903,0.98989898989899
0.19959677419354838,0.99
0.20161290322580644,0.9900990099009901
0.20362903225806453,0.9901960784313726
0.2056451612903226,0.9902912621359223
0.20766129032258066,0.9903846153846154
0.20967741935483872,0.9904761904761905
0.21169354838709678,0.9905660377358491
0.21169354838709678,0.9813084112149533
0.21370967741935484,0.9814814814814815
0.2157258064516129,0.981651376146789
0.21774193548387097,0.9818181818181818
0.21975806451612903,0.9819819819819819
0.2217741935483871,0.9821428571428571
0.22379032258064516,0.9823008849557522
0.22580645161290322,0.9824561403508771
0.22782258064516128,0.9826086956521739
0.22983870967741934,0.9827586206896551
0.2318548387096774,0.9829059829059829
0.23387096774193547,0.9830508474576272
0.23588709677419356,0.9831932773109243
0.23790322580645162,0.9833333333333333
0.2399193548387097,0.9834710743801653
0.24193548387096775,0.9836065573770492
0.2439516129032258,0.983739837398374
0.24596774193548387,0.9838709677419355
0.24798387096774194,0.984
0.25,0.9841269841269841
0.25201612903225806,0.984251968503937
0.2540322580645161,0.984375
0.2560483870967742,0.9844961240310077
0.25806451612903225,0.9846153846153847
0.2600806451612903,0.9847328244274809
0.2620967741935484,0.9848484848484849
0.26411290322580644,0.9849624060150376
0.2661290322580645,0.9850746268656716
0.26814516129032256,0.9851851851851852
0.2701612903225806,0.9852941176470589
0.2721774193548387,0.9854014598540146
0.27419354838709675,0.9855072463768116
0.2762096774193548,0.9856115107913669
0.2782258064516129,0.9857142857142858
0.28024193548387094,0.9858156028368794
0.28225806451612906,0.9859154929577465
0.2842741935483871,0.986013986013986
0.2862903225806452,0.9861111111111112
0.28830645161290325,0.9862068965517241
0.2903225806451613,0.9863013698630136
0.2923387096774194,0.9863945578231292
0.29435483870967744,0.9864864864864865
0.2963709677419355,0.9865771812080537
0.29838709677419356,0.9866666666666667
0.3004032258064516,0.9867549668874173
0.3004032258064516,0.9802631578947368
0.3024193548387097,0.9803921568627451
0.30443548387096775,0.9805194805194806
0.3064516129032258,0.9806451612903225
0.3084677419354839,0.9807692307692307
0.31048387096774194,0.9808917197452229
0.3125,0.9810126582278481
0.31451612903225806,0.9811320754716981
0.3165322580645161,0.98125
0.3185483870967742,0.9813664596273292
0.32056451612903225,0.9814814814814815
0.3225806451612903,0.9815950920245399
0.3245967741935484,0.9817073170731707
0.32661290322580644,0.9818181818181818
0.3286290322580645,0.9819277108433735
0.33064516129032256,0.9820359281437125
0.3326612903225806,0.9821428571428571
0.3346774193548387,0.9822485207100592
0.33669354838709675,0.9823529411764705
0.3387096774193548,0.9824561403508771
0.3407258064516129,0.9825581395348837
0.34274193548387094,0.9826589595375722
0.34475806451612906,0.9827586206896551
0.3467741935483871,0.9828571428571429
0.3487903225806452,0.9829545454545454
0.35080645161290325,0.9830508474576272
0.3528225806451613,0.9831460674157303
0.3548387096774194,0.9832402234636871
0.35685483870967744,0.9833333333333333
0.3588709677419355,0.9834254143646409
0.36088709677419356,0.9835164835164835
0.3629032258064516,0.9836065573770492
0.3649193548387097,0.9836956521739131
0.36693548387096775,0.9837837837837838
0.3689516129032258,0.9838709677419355
0.3709677419354839,0.983957219251337
0.37298387096774194,0.9840425531914894
0.375,0.9841269841269841
0.37701612903225806,0.9842105263157894
0.3790322580645161,0.9842931937172775
0.3810483870967742,0.984375
0.38306451612903225,0.9844559585492227
0.3850806451612903,0.9845360824742269
0.3870967741935484,0.9846153846153847
0.38911290322580644,0.9846938775510204
0.3911290322580645,0.9847715736040609
0.39314516129032256,0.9848484848484849
0.3951612903225806,0.9849246231155779
0.3971774193548387,0.985
0.39919354838709675,0.9850746268656716
0.4012096774193548,0.9851485148514851
0.4032258064516129,0.9852216748768473
0.40524193548387094,0.9852941176470589
0.40725806451612906,0.9853658536585366
0.4092741935483871,0.9854368932038835
0.4112903225806452,0.9855072463768116
0.41330645161290325,0.9855769230769231
0.4153225806451613,0.9856459330143541
0.4173387096774194,0.9857142857142858
0.41935483870967744,0.985781990521327
0.4213709677419355,0.9858490566037735
0.42338709677419356,0.9859154929577465
0.4254032258064516,0.985981308411215
0.4274193548387097,0.986046511627907
0.42943548387096775,0.9861111111111112
0.4314516129032258,0.9861751152073732
0.4334677419354839,0.9862385321100917
0.43548387096774194,0.9863013698630136
0.4375,0.9863636363636363
0.43951612903225806,0.9864253393665159
0.4415322580645161,0.9864864864864865
0.4435483870967742,0.9865470852017937
0.44556451612903225,0.9866071428571429
0.4475806451612903,0.9866666666666667
0.4495967741935484,0.9867256637168141
0.45161290322580644,0.986784140969163
0.4536290322580645,0.9868421052631579
0.45564516129032256,0.9868995633187773
0.4576612903225806,0.9869565217391304
0.4596774193548387,0.987012987012987
0.46169354838709675,0.9870689655172413
0.4637096774193548,0.9871244635193133
0.4657258064516129,0.9871794871794872
0.46774193548387094,0.9872340425531915
0.46975806451612906,0.9872881355932204
0.4717741935483871,0.9873417721518988
0.4737903225806452,0.9873949579831933
0.47580645161290325,0.9874476987447699
0.4778225806451613,0.9875
0.4798387096774194,0.9875518672199171
0.48185483870967744,0.987603305785124
0.4838709677419355,0.9876543209876543
0.48588709677419356,0.9877049180327869
0.4879032258064516,0.9877551020408163
0.4899193548387097,0.9878048780487805
0.49193548387096775,0.9878542510121457
0.4939516129032258,0.9879032258064516
0.4959677419354839,0.9879518072289156
0.49798387096774194,0.988
0.5,0.9880478087649402
0.5020161290322581,0.9880952380952381
0.5040322580645161,0.9881422924901185
0.5060483870967742,0.9881889763779528
0.5080645161290323,0.9882352941176471
0.5100806451612904,0.98828125
0.5120967741935484,0.9883268482490273
0.5141129032258065,0.9883720930232558
0.5161290322580645,0.9884169884169884
0.5181451612903226,0.9884615384615385
0.5201612903225806,0.9885057471264368
0.5221774193548387,0.9885496183206107
0.5241935483870968,0.9885931558935361
0.5262096774193549,0.9886363636363636
0.5282258064516129,0.9886792452830189
0.530241935483871,0.9887218045112782
0.532258064516129,0.9887640449438202
0.5342741935483871,0.9888059701492538
0.5362903225806451,0.9888475836431226
0.5383064516129032,0.9888888888888889
0.5403225806451613,0.988929889298893
0.5423387096774194,0.9889705882352942
0.5443548387096774,0.989010989010989
0.5463709677419355,0.9890510948905109
0.5483870967741935,0.9890909090909091
0.5504032258064516,0.9891304347826086
0.5524193548387096,0.9891696750902527
0.5544354838709677,0.9892086330935251
0.5564516129032258,0.989247311827957
0.5584677419354839,0.9892857142857143
0.5604838709677419,0.9893238434163701
0.5625,0.9893617021276596
0.5645161290322581,0.9893992932862191
0.5665322580645161,0.9894366197183099
0.5685483870967742,0.9894736842105263
0.5705645161290323,0.9895104895104895
0.5725806451612904,0.9895470383275261
0.5745967741935484,0.9895833333333334
0.5766129032258065,0.9896193771626297
0.5786290322580645,0.9896551724137931
0.5806451612903226,0.9896907216494846
0.5826612903225806,0.9897260273972602
0.5846774193548387,0.9897610921501706
0.5866935483870968,0.9897959183673469
0.5887096774193549,0.9898305084745763
0.5907258064516129,0.9898648648648649
0.592741935483871,0.98989898989899
0.594758064516129,0.9899328859060402
0.5967741935483871,0.9899665551839465
0.5987903225806451,0.99
0.6008064516129032,0.9900332225913622
0.6028225806451613,0.9900662251655629
0.6048387096774194,0.9900990099009901
0.6068548387096774,0.9901315789473685
0.6088709677419355,0.9901639344262295
0.6108870967741935,0.9901960784313726
0.6129032258064516,0.990228013029316
0.6149193548387096,0.9902597402597403
0.6169354838709677,0.9902912621359223
0.6189516129032258,0.9903225806451613
0.6209677419354839,0.9903536977491961
0.6229838709677419,0.9903846153846154
0.625,0.9904153354632588
0.6270161290322581,0.9904458598726115
0.6290322580645161,0.9904761904761905
0.6310483870967742,0.990506329113924
0.6330645161290323,0.9905362776025236
0.6350806451612904,0.9905660377358491
0.6370967741935484,0.9905956112852664
0.6391129032258065,0.990625
0.6411290322580645,0.9906542056074766
0.6431451612903226,0.9906832298136646
0.6451612903225806,0.9907120743034056
0.6471774193548387,0.9907407407407407
0.6491935483870968,0.9907692307692307
0.6512096774193549,0.99079754601227
0.6532258064516129,0.9908256880733946
0.655241935483871,0.9908536585365854
0.657258064516129,0.9908814589665653
0.6592741935483871,0.990909090909091
0.6612903225806451,0.9909365558912386
0.6633064516129032,0.9909638554216867
0.6653225806451613,0.990990990990991
0.6673387096774194,0.9910179640718563
0.6693548387096774,0.991044776119403
0.6713709677419355,0.9910714285714286
0.6733870967741935,0.9910979228486647
0.6754032258064516,0.9911242603550295
0.6774193548387096,0.9911504424778761
0.6794354838709677,0.9911764705882353
0.6814516129032258,0.9912023460410557
0.6834677419354839,0.9912280701754386
0.6854838709677419,0.9912536443148688
0.6875,0.9912790697674418
0.6895161290322581,0.991304347826087
0.6915322580645161,0.9913294797687862
0.6935483870967742,0.9913544668587896
0.6955645161290323,0.9913793103448276
0.6975806451612904,0.9914040114613181
0.6995967741935484,0.9914285714285714
0.6995967741935484,0.9886039886039886
0.6995967741935484,0.9857954545454546
0.7016129032258065,0.9858356940509915
0.7036290322580645,0.9858757062146892
0.7056451612903226,0.9859154929577465
0.7076612903225806,0.9859550561797753
0.7096774193548387,0.9859943977591037
0.7116935483870968,0.9860335195530726
0.7137096774193549,0.9860724233983287
0.7157258064516129,0.9861111111111112
0.717741935483871,0.9861495844875346
0.719758064516129,0.9861878453038674
0.7217741935483871,0.9862258953168044
0.7237903225806451,0.9862637362637363
0.7258064516129032,0.9863013698630136
0.7278225806451613,0.9863387978142076
0.7298387096774194,0.9863760217983651
0.7318548387096774,0.9864130434782609
0.7338709677419355,0.986449864498645
0.7358870967741935,0.9864864864864865
0.7379032258064516,0.9865229110512129
0.7399193548387096,0.9865591397849462
0.7419354838709677,0.9865951742627346
0.7439516129032258,0.9866310160427807
0.7459677419354839,0.9866666666666667
0.7479838709677419,0.9867021276595744
0.75,0.986737400530504
0.7520161290322581,0.9867724867724867
0.7540322580645161,0.9868073878627969
0.7560483870967742,0.9868421052631579
0.7580645161290323,0.9868766404199475
0.7600806451612904,0.9869109947643979
0.7620967741935484,0.9869451697127938
0.7641129032258065,0.9869791666666666
0.7661290322580645,0.987012987012987
0.7681451612903226,0.9870466321243523
0.7701612903225806,0.9870801033591732
0.7721774193548387,0.9871134020618557
0.7741935483870968,0.987146529562982
0.7762096774193549,0.9871794871794872
0.7782258064516129,0.9872122762148338
0.780241935483871,0.9872448979591837
0.780241935483871,0.9847328244274809
0.782258064516129,0.9847715736040609
0.7842741935483871,0.9848101265822785
0.7862903225806451,0.9848484848484849
0.7883064516129032,0.9848866498740554
0.7903225806451613,0.9849246231155779
0.7923387096774194,0.9849624060150376
0.7943548387096774,0.985
0.7963709677419355,0.9850374064837906
0.7983870967741935,0.9850746268656716
0.8004032258064516,0.9851116625310173
0.8024193548387096,0.9851485148514851
0.8044354838709677,0.9851851851851852
0.8064516129032258,0.9852216748768473
0.8084677419354839,0.9852579852579852
0.8104838709677419,0.9852941176470589
0.8125,0.9853300733496333
0.8145161290322581,0.9853658536585366
0.8165322580645161,0.9854014598540146
0.8185483870967742,0.9854368932038835
0.8205645161290323,0.9854721549636803
0.8225806451612904,0.9855072463768116
0.8245967741935484,0.9855421686746988
0.8266129032258065,0.9855769230769231
0.8286290322580645,0.9856115107913669
0.8306451612903226,0.9856459330143541
0.8326612903225806,0.9856801909307876
0.8346774193548387,0.9857142857142858
0.8366935483870968,0.9857482185273159
0.8387096774193549,0.985781990521327
0.8407258064516129,0.9858156028368794
0.842741935483871,0.9858490566037735
0.842741935483871,0.9835294117647059
0.844758064516129,0.9835680751173709
0.8467741935483871,0.9836065573770492
0.8487903225806451,0.9836448598130841
0.8508064516129032,0.9836829836829837
0.8528225806451613,0.9837209302325581
0.8548387096774194,0.9837587006960556
0.8568548387096774,0.9837962962962963
0.8588709677419355,0.9838337182448037
0.8608870967741935,0.9838709677419355
0.8608870967741935,0.9816091954022989
0.8629032258064516,0.981651376146789
0.8649193548387096,0.9816933638443935
0.8669354838709677,0.9817351598173516
0.8689516129032258,0.9817767653758542
0.8709677419354839,0.9818181818181818
0.8729838709677419,0.981859410430839
0.875,0.9819004524886877
0.8770161290322581,0.981941309255079
0.8790322580645161,0.9819819819819819
0.8810483870967742,0.9820224719101124
0.8830645161290323,0.9820627802690582
0.8830645161290323,0.9798657718120806
0.8830645161290323,0.9776785714285714
0.8850806451612904,0.977728285077951
0.8870967741935484,0.9777777777777777
0.8891129032258065,0.9778270509977827
0.8911290322580645,0.9778761061946902
0.8911290322580645,0.9757174392935982
0.8931451612903226,0.9757709251101322
0.8951612903225806,0.9758241758241758
0.8971774193548387,0.9758771929824561
0.8991935483870968,0.975929978118162
0.9012096774193549,0.9759825327510917
0.9032258064516129,0.9760348583877996
0.9032258064516129,0.9739130434782609
0.905241935483871,0.9739696312364425
0.907258064516129,0.974025974025974
0.9092741935483871,0.9740820734341252
0.9092741935483871,0.9719827586206896
0.9092741935483871,0.9698924731182795
0.9112903225806451,0.9699570815450643
0.9133064516129032,0.9700214132762313
0.9153225806451613,0.9700854700854701
0.9153225806451613,0.9680170575692963
0.9173387096774194,0.9680851063829787
0.9173387096774194,0.9660297239915074
0.9193548387096774,0.9661016949152542
0.9193548387096774,0.9640591966173362
0.9193548387096774,0.9620253164556962
0.9193548387096774,0.96
0.9213709677419355,0.9600840336134454
0.9213709677419355,0.9580712788259959
0.9233870967741935,0.9581589958158996
0.9254032258064516,0.9582463465553236
0.9274193548387096,0.9583333333333334
0.9274193548387096,0.9563409563409564
0.9294354838709677,0.9564315352697096
0.9294354838709677,0.9544513457556936
0.9294354838709677,0.9524793388429752
0.9294354838709677,0.9505154639175257
0.9314516129032258,0.9506172839506173
0.9314516129032258,0.9486652977412731
0.9314516129032258,0.9467213114754098
0.9334677419354839,0.9468302658486708
0.9354838709677419,0.9469387755102041
0.9375,0.9470468431771895
0.9375,0.9451219512195121
0.9375,0.9432048681541582
0.9395161290322581,0.9433198380566802
0.9395161290322581,0.9414141414141414
0.9395161290322581,0.9395161290322581
0.9395161290322581,0.937625754527163
0.9415322580645161,0.9377510040160643
0.9435483870967742,0.9378757515030061
0.9435483870967742,0.936
0.9435483870967742,0.9341317365269461
0.9435483870967742,0.9322709163346613
0.9435483870967742,0.9304174950298211
0.9435483870967742,0.9285714285714286
0.9435483870967742,0.9267326732673268
0.9435483870967742,0.924901185770751
0.9435483870967742,0.9230769230769231
0.9435483870967742,0.9212598425196851
0.9435483870967742,0.9194499017681729
0.9435483870967742,0.9176470588235294
0.9455645161290323,0.9178082191780822
0.9475806451612904,0.91796875
0.9495967741935484,0.9181286549707602
0.9495967741935484,0.9163424124513618
0.9516129032258065,0.916504854368932
0.9516129032258065,0.9147286821705426
0.9536290322580645,0.9148936170212766
0.9536290322580645,0.9131274131274131
0.9536290322580645,0.9113680154142582
0.9536290322580645,0.9096153846153846
0.9536290322580645,0.9078694817658349
0.9536290322580645,0.9061302681992337
0.9536290322580645,0.904397705544933
0.9536290322580645,0.9026717557251909
0.9536290322580645,0.900952380952381
0.9556451612903226,0.9011406844106464
0.9556451612903226,0.8994307400379506
0.9556451612903226,0.8977272727272727
0.9576612903225806,0.8979206049149339
0.9596774193548387,0.8981132075471698
0.9596774193548387,0.896421845574388
0.9596774193548387,0.8947368421052632
0.9596774193548387,0.8930581613508443
0.9596774193548387,0.8913857677902621
0.9596774193548387,0.8897196261682243
0.9596774193548387,0.8880597014925373
0.9596774193548387,0.8864059590316573
0.9596774193548387,0.8847583643122676
0.9596774193548387,0.8831168831168831
0.9596774193548387,0.8814814814814815
0.9596774193548387,0.8798521256931608
0.9596774193548387,0.8782287822878229
0.9596774193548387,0.8766114180478821
0.9596774193548387,0.875
0.9596774193548387,0.8733944954128441
0.9596774193548387,0.8717948717948718
0.9616935483870968,0.8720292504570384
0.9637096774193549,0.8722627737226277
0.9637096774193549,0.8706739526411658
0.9637096774193549,0.8690909090909091
0.9637096774193549,0.867513611615245
0.9637096774193549,0.8659420289855072
0.9637096774193549,0.864376130198915
0.9637096774193549,0.8628158844765343
0.9637096774193549,0.8612612612612612
0.9637096774193549,0.8597122302158273
0.9637096774193549,0.8581687612208259
0.9637096774193549,0.8566308243727598
0.9637096774193549,0.855098389982111
0.9637096774193549,0.8535714285714285
0.9637096774193549,0.8520499108734403
0.9637096774193549,0.8505338078291815
0.9637096774193549,0.8490230905861457
0.9637096774193549,0.8475177304964538
0.9637096774193549,0.8460176991150442
0.9637096774193549,0.8445229681978799
0.9637096774193549,0.8430335097001763
0.9637096774193549,0.8415492957746479
0.9637096774193549,0.8400702987697716
0.9637096774193549,0.8385964912280702
0.9637096774193549,0.8371278458844134
0.9657258064516129,0.8374125874125874
0.9657258064516129,0.8359511343804538
0.9657258064516129,0.8344947735191638
0.9657258064516129,0.8330434782608696
0.9657258064516129,0.8315972222222222
0.9657258064516129,0.830155979202773
0.9657258064516129,0.828719723183391
0.9657258064516129,0.8272884283246977
0.9657258064516129,0.8258620689655173
0.9657258064516129,0.8244406196213425
0.967741935483871,0.8247422680412371
0.967741935483871,0.823327615780446
0.967741935483871,0.821917808219178
0.967741935483871,0.8205128205128205
0.967741935483871,0.8191126279863481
0.967741935483871,0.817717206132879
0.967741935483871,0.8163265306122449
0.969758064516129,0.8166383701188455
0.969758064516129,0.8152542372881356
0.9717741935483871,0.8155668358714044
0.9717741935483871,0.8141891891891891
0.9717741935483871,0.8128161888701517
0.9717741935483871,0.8114478114478114
0.9717741935483871,0.8100840336134454
0.9717741935483871,0.8087248322147651
0.9737903225806451,0.8090452261306532
0.9737903225806451,0.8076923076923077
0.9737903225806451,0.8063439065108514
0.9758064516129032,0.8066666666666666
0.9758064516129032,0.8053244592346089
0.9758064516129032,0.8039867109634552
0.9758064516129032,0.802653399668325
0.9758064516129032,0.8013245033112583
0.9758064516129032,0.8
0.9778225806451613,0.8003300330033003
0.9798387096774194,0.800658978583196
0.9798387096774194,0.7993421052631579
0.9798387096774194,0.7980295566502463
0.9798387096774194,0.7967213114754098
0.9798387096774194,0.795417348608838
0.9798387096774194,0.7941176470588235
0.9798387096774194,0.7928221859706363
0.9798387096774194,0.7915309446254072
0.9798387096774194,0.7902439024390244
0.9798387096774194,0.788961038961039
0.9798387096774194,0.7876823338735819
0.9798387096774194,0.7864077669902912
0.9798387096774194,0.7851373182552503
0.9798387096774194,0.7838709677419354
0.9798387096774194,0.782608695652174
0.9798387096774194,0.7813504823151125
0.9798387096774194,0.7800963081861958
0.9798387096774194,0.7788461538461539
0.9798387096774194,0.7776
0.9798387096774194,0.7763578274760383
0.9798387096774194,0.7751196172248804
0.9798387096774194,0.7738853503184714
0.9798387096774194,0.7726550079491256
0.9798387096774194,0.7714285714285715
0.9798387096774194,0.7702060221870047
0.9798387096774194,0.7689873417721519
0.9798387096774194,0.7677725118483413
0.9818548387096774,0.7681388012618297
0.9818548387096774,0.7669291338582677
0.9818548387096774,0.7657232704402516
0.9818548387096774,0.7645211930926217
0.9818548387096774,0.7633228840125392
0.9818548387096774,0.7621283255086072
0.9818548387096774,0.7609375
0.9818548387096774,0.7597503900156006
0.9818548387096774,0.7585669781931464
0.9818548387096774,0.7573872472783826
0.9818548387096774,0.7562111801242236
0.9818548387096774,0.7550387596899225
0.9818548387096774,0.7538699690402477
0.9818548387096774,0.7527047913446677
0.9818548387096774,0.7515432098765432
0.9818548387096774,0.7503852080123267
0.9818548387096774,0.7492307692307693
0.9818548387096774,0.7480798771121352
0.9818548387096774,0.7469325153374233
0.9818548387096774,0.7457886676875957
0.9818548387096774,0.7446483180428135
0.9818548387096774,0.7435114503816794
0.9818548387096774,0.7423780487804879
0.9818548387096774,0.741248097412481
0.9818548387096774,0.7401215805471124
0.9818548387096774,0.7389984825493171
0.9818548387096774,0.7378787878787879
0.9818548387096774,0.7367624810892587
0.9818548387096774,0.7356495468277946
0.9818548387096774,0.7345399698340875
0.9818548387096774,0.733433734939759
0.9818548387096774,0.7323308270676692
0.9818548387096774,0.7312312312312312
0.9818548387096774,0.7301349325337332
0.9838709677419355,0.7305389221556886
0.9838709677419355,0.7294469357249627
0.9838709677419355,0.7283582089552239
0.9838709677419355,0.7272727272727273
0.9838709677419355,0.7261904761904762
0.9838709677419355,0.725111441307578
0.9858870967741935,0.7255192878338279
0.9858870967741935,0.7244444444444444
0.9858870967741935,0.7233727810650887
0.9858870967741935,0.7223042836041359
0.9858870967741935,0.7212389380530974
0.9858870967741935,0.7201767304860088
0.9858870967741935,0.7191176470588235
0.9879032258064516,0.7195301027900147
0.9879032258064516,0.718475073313783
0.9879032258064516,0.7174231332357247
0.9899193548387096,0.7178362573099415
0.9899193548387096,0.7167883211678832
0.9899193548387096,0.7157434402332361
0.9919354838709677,0.7161572052401747
0.9919354838709677,0.7151162790697675
0.9919354838709677,0.714078374455733
0.9939516129032258,0.7144927536231884
0.9939516129032258,0.7134587554269175
0.9939516129032258,0.7124277456647399
0.9939516129032258,0.7113997113997114
0.9939516129032258,0.7103746397694525
0.9939516129032258,0.7093525179856115
0.9939516129032258,0.7083333333333334
0.9939516129032258,0.7073170731707317
0.9939516129032258,0.7063037249283668
0.9939516129032258,0.7052932761087267
0.9939516129032258,0.7042857142857143
0.9939516129032258,0.703281027104137
0.9939516129032258,0.7022792022792023
0.9939516129032258,0.701280227596017
0.9939516129032258,0.7002840909090909
0.9939516129032258,0.699290780141844
0.9939516129032258,0.6983002832861189
0.9939516129032258,0.6973125884016973
0.9939516129032258,0.6963276836158192
0.9939516129032258,0.6953455571227081
0.9939516129032258,0.6943661971830986
0.9939516129032258,0.6933895921237694
0.9939516129032258,0.6924157303370787
0.9939516129032258,0.6914446002805049
0.9939516129032258,0.6904761904761905
0.9939516129032258,0.6895104895104895
0.9939516129032258,0.6885474860335196
0.9939516129032258,0.6875871687587168
0.9939516129032258,0.6866295264623955
0.9939516129032258,0.6856745479833102
0.9939516129032258,0.6847222222222222
0.9939516129032258,0.6837725381414702
0.9939516129032258,0.682825484764543
0.9939516129032258,0.681881051175657
0.9939516129032258,0.680939226519337
0.9939516129032258,0.68
0.9939516129032258,0.6790633608815427
0.9939516129032258,0.6781292984869326
0.9939516129032258,0.6771978021978022
0.9939516129032258,0.6762688614540466
0.9939516129032258,0.6753424657534246
0.9939516129032258,0.6744186046511628
0.9939516129032258,0.6734972677595629
0.9939516129032258,0.6725784447476125
0.9939516129032258,0.6716621253405994
0.9939516129032258,0.6707482993197279
0.9939516129032258,0.6698369565217391
0.9939516129032258,0.6689280868385346
0.9939516129032258,0.6680216802168022
0.9939516129032258,0.6671177266576455
0.9939516129032258,0.6662162162162162
0.9939516129032258,0.6653171390013495
0.9939516129032258,0.6644204851752021
0.9939516129032258,0.6635262449528937
0.9939516129032258,0.6626344086021505
0.9939516129032258,0.661744966442953
0.9939516129032258,0.660857908847185
0.9939516129032258,0.6599732262382865
0.9939516129032258,0.6590909090909091
0.9939516129032258,0.6582109479305741
0.9939516129032258,0.6573333333333333
0.9939516129032258,0.6564580559254327
0.9939516129032258,0.6555851063829787
0.9939516129032258,0.6547144754316069
0.9939516129032258,0.6538461538461539
0.9939516129032258,0.6529801324503312
0.9939516129032258,0.6521164021164021
0.9939516129032258,0.6512549537648613
0.9939516129032258,0.6503957783641161
0.9939516129032258,0.6495388669301713
0.9939516129032258,0.6486842105263158
0.9939516129032258,0.6478318002628121
0.9939516129032258,0.6469816272965879
0.9939516129032258,0.6461336828309305
0.9939516129032258,0.6452879581151832
0.9939516129032258,0.6444444444444445
0.9939516129032258,0.643603133159269
0.9939516129032258,0.6427640156453716
0.9939516129032258,0.6419270833333334
0.9939516129032258,0.6410923276983095
0.9939516129032258,0.6402597402597403
0.9939516129032258,0.6394293125810635
0.9939516129032258,0.6386010362694301
0.9939516129032258,0.6377749029754204
0.9939516129032258,0.6369509043927648
0.9939516129032258,0.6361290322580645
0.9939516129032258,0.6353092783505154
0.9939516129032258,0.6344916344916345
0.9939516129032258,0.6336760925449871
0.9939516129032258,0.6328626444159179
0.9939516129032258,0.632051282051282
0.9939516129032258,0.6312419974391805
0.9939516129032258,0.6304347826086957
0.9939516129032258,0.6296296296296297
0.9939516129032258,0.6288265306122449
0.9939516129032258,0.6280254777070063
0.9939516129032258,0.6272264631043257
0.9939516129032258,0.6264294790343075
0.9939516129032258,0.6256345177664975
0.9939516129032258,0.6248415716096325
0.9939516129032258,0.6240506329113924
0.9939516129032258,0.6232616940581542
0.9939516129032258,0.6224747474747475
0.9939516129032258,0.6216897856242118
0.9939516129032258,0.6209068010075567
0.9939516129032258,0.620125786163522
0.9939516129032258,0.6193467336683417
0.9939516129032258,0.6185696361355082
0.9939516129032258,0.6177944862155389
0.9939516129032258,0.6170212765957447
0.9939516129032258,0.61625
0.9939516129032258,0.6154806491885143
0.9939516129032258,0.614713216957606
0.9939516129032258,0.613947696139477
0.9939516129032258,0.6131840796019901
0.9939516129032258,0.6124223602484472
0.9939516129032258,0.6116625310173698
0.9939516129032258,0.61090458488228
0.9939516129032258,0.6101485148514851
0.9939516129032258,0.6093943139678616
0.9939516129032258,0.608641975308642
0.9939516129032258,0.6078914919852034
0.9939516129032258,0.6071428571428571
0.9939516129032258,0.6063960639606396
0.9939516129032258,0.6056511056511057
0.9939516129032258,0.6049079754601226
0.9939516129032258,0.6041666666666666
0.9939516129032258,0.6034271725826194
0.9959677419354839,0.6039119804400978
0.9959677419354839,0.6031746031746031
0.9959677419354839,0.6024390243902439
0.9959677419354839,0.6017052375152253
0.9959677419354839,0.6009732360097324
0.9959677419354839,0.6002430133657352
0.9959677419354839,0.5995145631067961
0.9959677419354839,0.5987878787878788
0.9959677419354839,0.5980629539951574
0.9959677419354839,0.5973397823458283
0.9959677419354839,0.5966183574879227
0.9959677419354839,0.5958986731001207
0.9959677419354839,0.5951807228915663
0.9959677419354839,0.5944645006016848
0.9959677419354839,0.59375
0.9959677419354839,0.5930372148859544
0.9959677419354839,0.592326139088729
0.9959677419354839,0.5916167664670658
0.9959677419354839,0.5909090909090909
0.9959677419354839,0.5902031063321386
0.9959677419354839,0.5894988066825776
0.9959677419354839,0.5887961859356377
0.9959677419354839,0.5880952380952381
0.9959677419354839,0.5873959571938169
0.9959677419354839,0.5866983372921615
0.9959677419354839,0.5860023724792408
0.9959677419354839,0.5853080568720379
0.9959677419354839,0.5846153846153846
0.9959677419354839,0.5839243498817966
0.9959677419354839,0.5832349468713105
0.9959677419354839,0.5825471698113207
0.9959677419354839,0.5818610129564193
0.9959677419354839,0.5811764705882353
0.9959677419354839,0.5804935370152762
0.9959677419354839,0.57981220657277
0.9959677419354839,0.5791324736225087
0.9959677419354839,0.5784543325526932
0.9959677419354839,0.5777777777777777
0.9959677419354839,0.5771028037383178
0.9959677419354839,0.5764294049008168
0.9959677419354839,0.5757575757575758
0.9959677419354839,0.5750873108265425
0.9959677419354839,0.5744186046511628
0.9959677419354839,0.5737514518002322
0.9959677419354839,0.5730858468677494
0.9959677419354839,0.5724217844727694
0.9959677419354839,0.5717592592592593
0.9959677419354839,0.5710982658959538
0.9959677419354839,0.5704387990762124
0.9959677419354839,0.5697808535178778
0.9959677419354839,0.5691244239631337
0.9959677419354839,0.5684695051783659
0.9959677419354839,0.5678160919540229
0.9959677419354839,0.5671641791044776
0.9959677419354839,0.5665137614678899
0.9959677419354839,0.565864833906071
0.9959677419354839,0.5652173913043478
0.9959677419354839,0.5645714285714286
0.9959677419354839,0.5639269406392694
0.9959677419354839,0.5632839224629419
0.9959677419354839,0.5626423690205011
0.9959677419354839,0.5620022753128555
0.9959677419354839,0.5613636363636364
0.9959677419354839,0.5607264472190693
0.9959677419354839,0.5600907029478458
0.9959677419354839,0.5594563986409966
0.9959677419354839,0.5588235294117647
0.9959677419354839,0.5581920903954802
0.9959677419354839,0.5575620767494357
0.9959677419354839,0.5569334836527621
0.9959677419354839,0.5563063063063063
0.9959677419354839,0.5556805399325084
0.9959677419354839,0.5550561797752809
0.9959677419354839,0.5544332210998878
0.9959677419354839,0.5538116591928252
0.9959677419354839,0.5531914893617021
0.9959677419354839,0.5525727069351231
0.9959677419354839,0.5519553072625698
0.9959677419354839,0.5513392857142857
0.9959677419354839,0.5507246376811594
0.9959677419354839,0.5501113585746102
0.9959677419354839,0.5494994438264739
0.9959677419354839,0.5488888888888889
0.9959677419354839,0.5482796892341842
0.9959677419354839,0.5476718403547672
0.9959677419354839,0.5470653377630121
0.9959677419354839,0.5464601769911505
0.9959677419354839,0.5458563535911602
0.9959677419354839,0.5452538631346578
0.9959677419354839,0.5446527012127894
0.9959677419354839,0.5440528634361234
0.9959677419354839,0.5434543454345434
0.9959677419354839,0.5428571428571428
0.9959677419354839,0.5422612513721186
0.9959677419354839,0.5416666666666666
0.9959677419354839,0.5410733844468785
0.9959677419354839,0.5404814004376368
0.9959677419354839,0.5398907103825137
0.9959677419354839,0.5393013100436681
0.9959677419354839,0.5387131952017448
0.9959677419354839,0.5381263616557734
0.9959677419354839,0.5375408052230686
0.9959677419354839,0.5369565217391304
0.9959677419354839,0.5363735070575462
0.9959677419354839,0.5357917570498916
0.9959677419354839,0.5352112676056338
0.9959677419354839,0.5346320346320347
0.9959677419354839,0.534054054054054
0.9959677419354839,0.5334773218142549
0.9959677419354839,0.5329018338727076
0.9959677419354839,0.5323275862068966
0.9959677419354839,0.5317545748116254
0.9959677419354839,0.5311827956989247
0.9959677419354839,0.5306122448979592
0.9959677419354839,0.5300429184549357
0.9959677419354839,0.5294748124330118
0.9959677419354839,0.5289079229122056
0.9959677419354839,0.5283422459893048
0.9959677419354839,0.5277777777777778
0.9959677419354839,0.5272145144076841
0.9959677419354839,0.5266524520255863
0.9959677419354839,0.5260915867944622
0.9959677419354839,0.5255319148936171
0.9959677419354839,0.5249734325185972
0.9959677419354839,0.524416135881104
0.9959677419354839,0.5238600212089077
0.9959677419354839,0.5233050847457628
0.9959677419354839,0.5227513227513227
0.9959677419354839,0.5221987315010571
0.9959677419354839,0.5216473072861668
0.9959677419354839,0.5210970464135021
0.9959677419354839,0.5205479452054794
0.9959677419354839,0.52
0.9959677419354839,0.519453207150368
0.9959677419354839,0.5189075630252101
0.9959677419354839,0.5183630640083945
0.9959677419354839,0.5178197064989518
0.9959677419354839,0.5172774869109947
0.9959677419354839,0.5167364016736402
0.9959677419354839,0.51619644723093
0.9959677419354839,0.5156576200417536
0.9959677419354839,0.5151199165797706
0.9959677419354839,0.5145833333333333
0.9959677419354839,0.514047866805411
0.9959677419354839,0.5135135135135135
0.9959677419354839,0.5129802699896158
0.9959677419354839,0.5124481327800829
0.9959677419354839,0.5119170984455959
0.9959677419354839,0.5113871635610766
0.9959677419354839,0.5108583247156153
0.9959677419354839,0.5103305785123967
0.9959677419354839,0.5098039215686274
0.9959677419354839,0.5092783505154639
0.9959677419354839,0.5087538619979403
0.9959677419354839,0.5082304526748971
0.9959677419354839,0.5077081192189106
0.9959677419354839,0.5071868583162218
0.9959677419354839,0.5066666666666667
0.9959677419354839,0.5061475409836066
0.9959677419354839,0.5056294779938587
0.9959677419354839,0.5051124744376279
0.9959677419354839,0.5045965270684372
0.9959677419354839,0.5040816326530613
0.9959677419354839,0.5035677879714577
0.9959677419354839,0.5030549898167006
0.9959677419354839,0.5025432349949135
0.9959677419354839,0.5020325203252033
0.9959677419354839,0.5015228426395939
0.9959677419354839,0.5010141987829615
0.9959677419354839,0.5005065856129686
0.9959677419354839,0.5
0.9959677419354839,0.4994944388270981
0.9959677419354839,0.498989898989899
0.9959677419354839,0.49848637739656915
0.9959677419354839,0.49798387096774194
0.9959677419354839,0.49748237663645517
0.9959677419354839,0.4969818913480885
0.9959677419354839,0.4964824120603015
0.9959677419354839,0.4959839357429719
0.9959677419354839,0.4954864593781344
0.9959677419354839,0.49498997995991983
0.9959677419354839,0.4944944944944945
0.9959677419354839,0.494
0.9959677419354839,0.4935064935064935
0.9959677419354839,0.4930139720558882
0.9959677419354839,0.49252243270189433
0.9959677419354839,0.49203187250996017
0.9959677419354839,0.49154228855721394
0.9959677419354839,0.49105367793240556
0.9959677419354839,0.49056603773584906
0.9959677419354839,0.49007936507936506
0.9959677419354839,0.489593657086224
0.9959677419354839,0.4891089108910891
0.9959677419354839,0.4886251236399604
0.9959677419354839,0.4881422924901186
0.9959677419354839,0.4876604146100691
0.9959677419354839,0.48717948717948717
0.9959677419354839,0.48669950738916257
0.9959677419354839,0.4862204724409449
0.9959677419354839,0.4857423795476893
0.9959677419354839,0.48526522593320237
0.9959677419354839,0.4847890088321884
0.9979838709677419,0.4852941176470588
0.9979838709677419,0.48481880509304603
0.9979838709677419,0.4843444227005871
0.9979838709677419,0.4838709677419355
0.9979838709677419,0.4833984375
0.9979838709677419,0.48292682926829267
0.9979838709677419,0.4824561403508772
0.9979838709677419,0.4819863680623174
0.9979838709677419,0.48151750972762647
0.9979838709677419,0.48104956268221577
0.9979838709677419,0.48058252427184467
0.9979838709677419,0.4801163918525703
0.9979838709677419,0.4796511627906977
0.9979838709677419,0.4791868344627299
0.9979838709677419,0.4787234042553192
0.9979838709677419,0.4782608695652174
0.9979838709677419,0.4777992277992278
0.9979838709677419,0.4773384763741562
0.9979838709677419,0.476878612716763
0.9979838709677419,0.4764196342637151
0.9979838709677419,0.47596153846153844
0.9979838709677419,0.4755043227665706
0.9979838709677419,0.4750479846449136
0.9979838709677419,0.47459252157238735
0.9979838709677419,0.47413793103448276
0.9979838709677419,0.47368421052631576
0.9979838709677419,0.4732313575525813
0.9979838709677419,0.47277936962750716
0.9979838709677419,0.4723282442748092
0.9979838709677419,0.4718779790276454
0.9979838709677419,0.4714285714285714
0.9979838709677419,0.4709800190294957
0.9979838709677419,0.470532319391635
0.9979838709677419,0.4700854700854701
0.9979838709677419,0.4696394686907021
0.9979838709677419,0.46919431279620855
0.9979838709677419,0.46875
0.9979838709677419,0.46830652790917693
0.9979838709677419,0.4678638941398866
0.9979838709677419,0.46742209631728043
0.9979838709677419,0.4669811320754717
0.9979838709677419,0.4665409990574929
0.9979838709677419,0.4661016949152542
0.9979838709677419,0.4656632173095014
0.9979838709677419,0.46522556390977443
0.9979838709677419,0.4647887323943662
0.9979838709677419,0.4643527204502814
0.9979838709677419,0.4639175257731959
0.9979838709677419,0.46348314606741575
0.9979838709677419,0.4630495790458372
0.9979838709677419,0.46261682242990654
0.9979838709677419,0.46218487394957986
0.9979838709677419,0.46175373134328357
0.9979838709677419,0.4613233923578751
0.9979838709677419,0.46089385474860334
0.9979838709677419,0.4604651162790698
0.9979838709677419,0.4600371747211896
0.9979838709677419,0.4596100278551532
0.9979838709677419,0.45918367346938777
0.9979838709677419,0.458758109360519
0.9979838709677419,0.4583333333333333
0.9979838709677419,0.45790934320074006
0.9979838709677419,0.45748613678373384
0.9979838709677419,0.45706371191135736
0.9979838709677419,0.4566420664206642
0.9979838709677419,0.45622119815668205
0.9979838709677419,0.4558011049723757
0.9979838709677419,0.45538178472861085
0.9979838709677419,0.45496323529411764
0.9979838709677419,0.45454545454545453
0.9979838709677419,0.4541284403669725
0.9979838709677419,0.4537121906507791
0.9979838709677419,0.4532967032967033
0.9979838709677419,0.45288197621225984
0.9979838709677419,0.4524680073126143
0.9979838709677419,0.4520547945205479
0.9979838709677419,0.4516423357664234
0.9979838709677419,0.4512306289881495
0.9979838709677419,0.45081967213114754
0.9979838709677419,0.45040946314831665
0.9979838709677419,0.45
0.9979838709677419,0.44959128065395093
0.9979838709677419,0.44918330308529947
0.9979838709677419,0.4487760652765186
0.9979838709677419,0.4483695652173913
0.9979838709677419,0.4479638009049774
0.9979838709677419,0.4475587703435805
0.9979838709677419,0.44715447154471544
0.9979838709677419,0.44675090252707583
0.9979838709677419,0.44634806131650134
0.9979838709677419,0.44594594594594594
0.9979838709677419,0.44554455445544555
0.9979838709677419,0.44514388489208634
1.0,0.44564240790655885
1.0,0.4452423698384201
1.0,0.44484304932735425
1.0,0.4444444444444444
1.0,0.4440465532676813
1.0,0.44364937388193204
1.0,0.44325290437890974
1.0,0.44285714285714284
1.0,0.4424620874219447
1.0,0.44206773618538325
1.0,0.4416740872662511
1.0,0.4412811387900356
1.0,0.4408888888888889
1.0,0.4404973357015986
1.0,0.4401064773735581
1.0,0.4397163120567376
1.0,0.43932683790965454
1.0,0.4389380530973451
1.0,0.4385499557913351
1.0,0.4381625441696113
1.0,0.43777581641659313
1.0,0.43738977072310403
1.0,0.4370044052863436
1.0,0.43661971830985913
1.0,0.436235708003518
1.0,0.4358523725834798
1.0,0.4354697102721686
1.0,0.43508771929824563
1.0,0.43470639789658194
1.0,0.4343257443082312
1.0,0.4339457567804024
1.0,0.43356643356643354
1.0,0.4331877729257642
1.0,0.4328097731239092
1.0,0.43243243243243246
1.0,0.43205574912891986
1.0,0.4316797214969539
1.0,0.43130434782608695
1.0,0.4309296264118158
1.0,0.4305555555555556
1.0,0.43018213356461404
1.0,0.42980935875216636
1.0,0.42943722943722945
1.0,0.4290657439446367
1.0,0.428694900605013
1.0,0.4283246977547496
1.0,0.42795513373597927
1.0,0.42758620689655175
1.0,0.4272179155900086
1.0,0.4268502581755594
1.0,0.42648323301805674
1.0,0.4261168384879725
1.0,0.4257510729613734
1.0,0.42538593481989706
1.0,0.4250214224507284
1.0,0.4246575342465753
1.0,0.42429426860564584
1.0,0.4239316239316239
1.0,0.42356959863364646
