sample_id,split,y_true,p_class1,y_pred,correct,loss
train_0992,train,0,0.000770940154325217,0,1,0.0007712238002568483
train_1013,train,1,0.8974579572677612,1,1,0.10818900167942047
train_0724,train,1,0.9921221137046814,1,1,0.007909080944955349
train_0191,train,1,0.9999755620956421,1,1,2.443820449116174e-05
train_0411,train,1,0.9967639446258545,1,1,0.003241302678361535
train_0823,train,1,0.9996503591537476,1,1,0.000349701993400231
train_0933,train,1,0.9986363053321838,1,1,0.0013646252918988466
train_0447,train,1,0.9161004424095154,1,1,0.08762926608324051
train_0841,train,1,0.9867410063743591,1,1,0.013347678817808628
train_0313,train,1,0.9999350309371948,1,1,6.49711728328839e-05
train_0423,train,1,0.9998237490653992,1,1,0.00017626647604629397
train_0022,train,0,0.002054468961432576,0,1,0.0020565660670399666
train_1149,train,1,0.9907727241516113,1,1,0.009270111098885536
train_0344,train,1,0.9631937146186829,1,1,0.03750073164701462
train_0995,train,0,0.0004667988687288016,0,1,0.0004669326008297503
train_0515,train,0,0.0011283637722954154,0,1,0.0011290126712992787
train_0112,train,1,0.9999222755432129,1,1,7.772747630951926e-05
train_0882,train,0,5.868481457582675e-05,0,1,5.871229586773552e-05
train_1151,train,1,0.9729892015457153,1,1,0.027382293716073036
train_0491,train,1,0.9756887555122375,1,1,0.024611642584204674
train_0950,train,0,0.0003547686501406133,0,1,0.00035482976818457246
train_1084,train,0,0.0003698754881042987,0,1,0.00036991521483287215
train_0538,train,0,0.0007291178917512298,0,1,0.0007294095703400671
train_0984,train,1,0.9959471821784973,1,1,0.004061053041368723
train_0142,train,1,0.9713736772537231,1,1,0.029044045135378838
train_0986,train,1,0.8515739440917969,1,1,0.16066895425319672
train_0415,train,1,0.9723906517028809,1,1,0.02799765020608902
train_0092,train,1,0.9999376535415649,1,1,6.234840111574158e-05
train_0663,train,1,0.998568058013916,1,1,0.0014329681871458888
train_0676,train,0,0.004255594685673714,0,1,0.004264673218131065
train_1006,train,0,0.0030009897891432047,0,1,0.003005486447364092
train_0897,train,1,0.9117946028709412,1,1,0.09234053641557693
train_1032,train,1,0.998909592628479,1,1,0.0010910022538155317
train_0354,train,0,0.0061154612340033054,0,1,0.006134212017059326
train_1050,train,1,0.9690055251121521,1,1,0.03148496523499489
train_0944,train,0,0.00612114742398262,0,1,0.006139969453215599
train_1094,train,1,0.9965781569480896,1,1,0.003427710849791765
train_0688,train,0,0.005488015245646238,0,1,0.005503152497112751
train_0132,train,0,0.0024004243314266205,0,1,0.0024032839573919773
train_0925,train,0,0.02384607493877411,0,1,0.024135010316967964
train_1124,train,1,0.9942161440849304,1,1,0.00580064719542861
train_1091,train,0,0.0031593344174325466,0,1,0.003164345631375909
train_0128,train,0,0.007841642014682293,0,1,0.00787255447357893
train_0286,train,1,0.9999731779098511,1,1,2.6822450308827683e-05
train_0428,train,0,0.009963715448975563,0,1,0.010013661347329617
train_0246,train,0,6.42013328615576e-05,0,1,6.419626879505813e-05
train_0329,train,0,0.004682851489633322,0,1,0.004693837370723486
train_0898,train,1,0.9674848318099976,1,1,0.03305553272366524
train_0810,train,1,0.9970250725746155,1,1,0.0029793614521622658
train_0600,train,0,0.0180535726249218,0,1,0.018218545243144035
train_0243,train,0,0.004628749564290047,0,1,0.0046395231038331985
train_0628,train,0,0.004795636050403118,0,1,0.004807146731764078
train_0912,train,1,0.9918082356452942,1,1,0.008225501514971256
train_0859,train,1,0.9676881432533264,1,1,0.03284540772438049
train_0460,train,0,0.0095999576151371,0,1,0.009646360762417316
train_1022,train,1,0.9855712652206421,1,1,0.01453384105116129
train_0516,train,0,0.005747716873884201,0,1,0.005764317233115435
train_1026,train,0,3.745170033653267e-05,0,1,3.7432415410876274e-05
train_0357,train,1,0.965812623500824,1,1,0.0347854346036911
train_1005,train,1,0.9884734749794006,1,1,0.011593470349907875
train_0578,train,1,0.9739683270454407,1,1,0.026376495137810707
train_0261,train,0,0.003265926381573081,0,1,0.0032712621614336967
train_0107,train,0,3.2333771287085256e-06,0,1,3.218656047465629e-06
train_0672,train,0,0.03361736983060837,0,1,0.0341954343020916
train_0650,train,1,0.9990864992141724,1,1,0.0009139183675870299
train_0461,train,0,0.01319594494998455,0,1,0.013283771462738514
train_0356,train,1,0.9836136102676392,1,1,0.016522131860256195
train_0922,train,0,7.802244363119826e-05,0,1,7.802552863722667e-05
train_0358,train,1,0.9771721959114075,1,1,0.023092392832040787
train_0753,train,0,0.03280729427933693,0,1,0.033357519656419754
train_0881,train,0,0.0017707985825836658,0,1,0.0017723640194162726
train_1161,train,0,0.0045815929770469666,0,1,0.0045920987613499165
train_0821,train,1,0.9951071739196777,1,1,0.004904835019260645
train_0618,train,0,0.004065194632858038,0,1,0.004073501098901033
train_0719,train,0,0.005357065238058567,0,1,0.005371487233787775
train_0761,train,0,0.0023664955515414476,0,1,0.002369287656620145
train_0630,train,0,0.00029208511114120483,0,1,0.00029210542561486363
train_0969,train,1,0.9956476092338562,1,1,0.004361889790743589
train_0147,train,0,0.0011912351474165916,0,1,0.0011919685639441013
train_0851,train,0,0.009667509235441685,0,1,0.009714549407362938
train_0581,train,1,0.9979836940765381,1,1,0.002018341328948736
train_1096,train,1,0.9983092546463013,1,1,0.0016921763308346272
train_0629,train,0,0.0005557240801863372,0,1,0.0005559081910178065
train_0818,train,0,0.010891935788094997,0,1,0.010951665230095387
train_0698,train,1,0.9999959468841553,1,1,4.053124484926229e-06
train_0310,train,1,0.9895901083946228,1,1,0.010464453138411045
train_0175,train,0,0.0037389742210507393,0,1,0.0037460068706423044
train_0469,train,0,0.004037607926875353,0,1,0.004045791923999786
train_0186,train,1,1.0,1,1,1.1920930376163597e-07
train_0335,train,0,0.037141766399145126,0,1,0.0378490649163723
train_0292,train,0,0.008507248014211655,0,1,0.008543645031750202
train_1009,train,0,0.006529944483190775,0,1,0.006551340688019991
train_0665,train,1,0.9179383516311646,1,1,0.0856250450015068
train_0927,train,1,0.9911780953407288,1,1,0.008861048147082329
train_0615,train,0,0.0076000988483428955,0,1,0.007629096508026123
train_0293,train,0,0.005948065314441919,0,1,0.005965827032923698
train_0237,train,1,0.997965931892395,1,1,0.002036139601841569
train_0597,train,0,0.009392598643898964,0,1,0.009437007829546928
train_0063,train,1,0.999977707862854,1,1,2.229238634754438e-05
train_0535,train,1,0.9946656227111816,1,1,0.005348655860871077
train_0625,train,0,0.002928943606093526,0,1,0.002933270065113902
train_0069,train,1,0.9999415874481201,1,1,5.841425809194334e-05
train_1078,train,1,0.9999490976333618,1,1,5.090366175863892e-05
train_0114,train,0,0.006490019150078297,0,1,0.006511143408715725
train_1134,train,1,0.9941068887710571,1,1,0.005910544190555811
train_0005,train,0,0.0026717493310570717,0,1,0.0026753537822514772
train_0449,train,1,0.9955991506576538,1,1,0.004410562105476856
train_0342,train,1,0.9366559386253357,1,1,0.06543925404548645
train_0733,train,1,0.9962623715400696,1,1,0.00374463084153831
train_0234,train,1,0.996626615524292,1,1,0.0033790869638323784
train_1105,train,0,0.0005832187598571181,0,1,0.0005834015901200473
train_0593,train,1,0.984203577041626,1,1,0.015922516584396362
train_0548,train,0,7.071914296830073e-05,0,1,7.069360435707495e-05
train_0184,train,1,0.9993571639060974,1,1,0.0006430427893064916
train_0066,train,1,0.9998973608016968,1,1,0.00010264446609653533
train_0790,train,0,0.004470707383006811,0,1,0.004480729345232248
train_1115,train,1,0.9640343189239502,1,1,0.03662838414311409
train_0741,train,0,0.1288849413394928,0,1,0.13798117637634277
train_0534,train,1,0.9983618855476379,1,1,0.0016394576523452997
train_0924,train,0,0.0013818133156746626,0,1,0.0013827700167894363
train_0677,train,0,0.01255145575851202,0,1,0.01263086125254631
train_0550,train,0,0.0004352546820882708,0,1,0.000435327849118039
train_0830,train,0,0.005292023532092571,0,1,0.005306050181388855
train_0815,train,0,1.7040782040567137e-05,0,1,1.7047073924914002e-05
train_0021,train,0,0.00026593447546474636,0,1,0.0002659912861417979
train_0699,train,1,0.9949393272399902,1,1,0.005073521286249161
train_1015,train,1,0.9999048709869385,1,1,9.513353143120185e-05
train_0742,train,1,0.9998916387557983,1,1,0.00010836710862349719
train_0947,train,0,0.012579303234815598,0,1,0.012659111991524696
train_0606,train,0,0.002639321144670248,0,1,0.00264278263784945
train_0902,train,0,0.008722118102014065,0,1,0.00876038707792759
train_0651,train,1,0.999607503414154,1,1,0.00039257362368516624
train_0504,train,0,0.009098401293158531,0,1,0.009140053763985634
train_0619,train,0,0.0007548755966126919,0,1,0.0007551778689958155
train_0558,train,0,0.007867072708904743,0,1,0.007898206822574139
train_1044,train,0,0.0018762488616630435,0,1,0.001877997419796884
train_0235,train,1,0.9869149327278137,1,1,0.013171430677175522
train_0632,train,0,0.0032901884987950325,0,1,0.0032956008799374104
train_0892,train,0,0.0008248113445006311,0,1,0.0008251494145952165
train_0412,train,1,0.9993576407432556,1,1,0.0006425656611099839
train_1025,train,0,8.422007340413984e-07,0,1,8.344653679159819e-07
train_0149,train,0,0.005350930150598288,0,1,0.005365314893424511
train_0271,train,0,0.0044174701906740665,0,1,0.0044272649101912975
train_0500,train,0,0.014690112322568893,0,1,0.014799068681895733
train_0983,train,1,0.9989752769470215,1,1,0.0010252485517412424
train_0602,train,0,0.04988357052206993,0,1,0.0511707179248333
train_0746,train,1,0.9808624982833862,1,1,0.019322995096445084
train_1100,train,0,0.0001280379801755771,0,1,0.00012803896970581263
train_0220,train,0,0.0002507972239982337,0,1,0.0002508478064555675
train_0388,train,1,0.9999343156814575,1,1,6.568647222593427e-05
train_0078,train,1,0.9995272159576416,1,1,0.0004728958592750132
train_1065,train,0,0.015627598389983177,0,1,0.01575102098286152
train_0032,train,1,0.9987038373947144,1,1,0.0012970032403245568
train_0713,train,0,0.019855480641126633,0,1,0.020055267959833145
train_0146,train,0,0.003667475190013647,0,1,0.0036742156371474266
train_0030,train,1,0.8804311752319336,1,1,0.12734352052211761
train_0282,train,1,0.9972231388092041,1,1,0.002780723851174116
train_1068,train,0,0.0005855918861925602,0,1,0.000585787114687264
train_0464,train,0,0.0028348967898637056,0,1,0.002838941989466548
train_0227,train,1,0.9994608759880066,1,1,0.0005392693565227091
train_1120,train,0,0.017129937186837196,0,1,0.01727837137877941
train_1147,train,1,0.9989079236984253,1,1,0.001092673046514392
train_0843,train,1,0.9987115859985352,1,1,0.0012892447412014008
train_0906,train,0,0.0008095580851659179,0,1,0.000809878169093281
train_0791,train,0,0.05096239596605301,0,1,0.05230684578418732
train_1157,train,0,0.0014156629331409931,0,1,0.0014166729524731636
train_1028,train,0,0.0015626053791493177,0,1,0.0015638174954801798
train_0155,train,0,0.0018217230681329966,0,1,0.0018233581213280559
train_0154,train,0,0.0027075810357928276,0,1,0.0027112725656479597
train_0640,train,1,0.9992735981941223,1,1,0.0007266657776199281
train_0217,train,0,7.735207327641547e-05,0,1,7.736981933703646e-05
train_0726,train,1,0.9822644591331482,1,1,0.017894700169563293
train_0088,train,0,0.000221625276026316,0,1,0.00022163463290780783
train_0027,train,1,0.9803358912467957,1,1,0.01986001990735531
train_0855,train,0,0.008631682954728603,0,1,0.008669175207614899
train_1023,train,1,0.999915361404419,1,1,8.464217535220087e-05
train_0497,train,1,0.9894229769706726,1,1,0.010633357800543308
train_0206,train,0,0.014049227349460125,0,1,0.01414885651320219
train_0639,train,1,0.9995212554931641,1,1,0.0004788591468241066
train_0638,train,1,0.9996607303619385,1,1,0.00033932720543816686
train_0200,train,0,0.000310360366711393,0,1,0.0003104095521848649
train_0427,train,0,0.03866500407457352,0,1,0.039432331919670105
train_0248,train,0,0.0002080163249047473,0,1,0.00020804184896405786
train_0240,train,0,0.0005460750544443727,0,1,0.0005462469416670501
train_0846,train,0,0.05702438950538635,0,1,0.05871482565999031
train_0122,train,0,0.004205909091979265,0,1,0.004214751999825239
train_0976,train,0,9.063067409442738e-05,0,1,9.066278289537877e-05
train_0182,train,1,0.9999158382415771,1,1,8.416529453825206e-05
train_0253,train,0,0.0012935423292219639,0,1,0.0012943773763254285
train_1043,train,0,0.001053126179613173,0,1,0.0010537095367908478
train_0664,train,1,0.9342977404594421,1,1,0.06796010583639145
train_0023,train,0,0.004022606182843447,0,1,0.004030710551887751
train_0712,train,0,0.004131134133785963,0,1,0.0041396948508918285
train_0873,train,1,0.9785313606262207,1,1,0.021702444180846214
train_0956,train,1,0.9993007183074951,1,1,0.0006995262810960412
train_0162,train,1,0.9938308000564575,1,1,0.006188307888805866
train_0999,train,1,0.9981677532196045,1,1,0.0018339274683967233
train_0067,train,1,0.9998676776885986,1,1,0.00013233105710241944
train_0796,train,0,4.8189373046625406e-05,0,1,4.816171349375509e-05
train_1158,train,0,3.5064360417891294e-05,0,1,3.5048145946348086e-05
train_1137,train,0,0.003802367951720953,0,1,0.003809606423601508
train_0736,train,1,0.9999973773956299,1,1,2.622607780722319e-06
train_1106,train,0,0.003000138094648719,0,1,0.0030046496540308
train_0847,train,0,0.04176986590027809,0,1,0.04266729950904846
train_0085,train,0,0.00023643994063604623,0,1,0.0002364795800531283
train_0914,train,1,0.9999977350234985,1,1,2.2649790025752736e-06
train_1075,train,1,0.9999973773956299,1,1,2.622607780722319e-06
train_0716,train,0,0.017041554674506187,0,1,0.01718844100832939
train_0488,train,1,0.9615982174873352,1,1,0.039158567786216736
train_0396,train,0,0.008077488280832767,0,1,0.008110301569104195
train_0004,train,0,0.013529297895729542,0,1,0.01362165529280901
train_0610,train,0,0.0037814679089933634,0,1,0.0037886654026806355
train_0123,train,0,0.0031007344368845224,0,1,0.0031055703293532133
train_0980,train,0,0.0019925031810998917,0,1,0.00199451157823205
train_0091,train,1,0.9998188614845276,1,1,0.0001811549300327897
train_0996,train,0,0.01892337016761303,0,1,0.01910467818379402
train_0009,train,0,0.00012612038699444383,0,1,0.00012613138824235648
train_0959,train,1,0.9950986504554749,1,1,0.0049134003929793835
train_0852,train,0,0.0061381496489048,0,1,0.00615706155076623
train_0394,train,1,0.9987614154815674,1,1,0.001239352161064744
train_0019,train,0,0.005169518291950226,0,1,0.005182919092476368
train_0079,train,1,0.9633718132972717,1,1,0.03731584548950195
train_0952,train,0,0.0010979280341416597,0,1,0.0010985207045450807
train_0887,train,0,0.0003353297070134431,0,1,0.00033539196010679007
train_0903,train,0,0.005880814976990223,0,1,0.0058981929905712605
train_0614,train,0,0.00026197367697022855,0,1,0.0002619967272039503
train_0745,train,1,0.962153434753418,1,1,0.03858134523034096
train_0740,train,0,0.04067246615886688,0,1,0.04152274131774902
train_1029,train,0,0.021569453179836273,0,1,0.021805450320243835
train_1027,train,0,0.00026660546427592635,0,1,0.0002666471409611404
train_0921,train,0,0.0007966187549754977,0,1,0.0007969335420057178
train_0341,train,1,0.9408861398696899,1,1,0.06093314662575722
train_0574,train,0,0.0001380917674396187,0,1,0.00013811349344905466
train_0876,train,1,0.9959172606468201,1,1,0.004091096576303244
train_0598,train,0,0.08087735623121262,0,1,0.08433572202920914
train_0494,train,1,0.9989025592803955,1,1,0.0010980432853102684
train_0492,train,1,0.9666868448257446,1,1,0.033880677074193954
train_0756,train,0,0.04165178909897804,0,1,0.042544085532426834
train_0483,train,0,0.018254268914461136,0,1,0.018422944471240044
train_0205,train,0,0.0011360668577253819,0,1,0.0011367102852091193
train_0081,train,0,0.002786997240036726,0,1,0.0027908848132938147
train_0164,train,1,0.9533723592758179,1,1,0.047749731689691544
train_0438,train,0,0.013020520098507404,0,1,0.013106024824082851
train_0365,train,0,0.013274910859763622,0,1,0.013363807462155819
train_0880,train,1,0.999940037727356,1,1,5.996406980557367e-05
train_0033,train,1,0.9502080678939819,1,1,0.051074303686618805
train_0320,train,1,0.9995905756950378,1,1,0.00040950815309770405
train_0565,train,0,8.912094199331477e-05,0,1,8.911291661206633e-05
train_1067,train,0,0.02355096861720085,0,1,0.023832743987441063
train_0420,train,1,0.999984860420227,1,1,1.5139694369281642e-05
train_0763,train,1,0.9874039888381958,1,1,0.012676012702286243
train_0576,train,1,0.9904663562774658,1,1,0.009579380042850971
train_0430,train,0,0.007160066161304712,0,1,0.007185823749750853
train_0452,train,0,0.0064607225358486176,0,1,0.006481687072664499
train_0773,train,0,0.01482041459530592,0,1,0.01493131648749113
train_0153,train,0,0.001241198624484241,0,1,0.0012419780250638723
train_0580,train,1,0.9996403455734253,1,1,0.0003597190952859819
train_0138,train,1,0.9987101554870605,1,1,0.0012906771153211594
train_1145,train,0,0.0008761465433053672,0,1,0.0008765127277001739
train_0748,train,1,0.9998714923858643,1,1,0.00012851586507167667
train_0531,train,1,0.9999006986618042,1,1,9.930626401910558e-05
train_0645,train,1,0.9932530522346497,1,1,0.0067698112688958645
train_0601,train,0,0.011547591537237167,0,1,0.011614755727350712
train_0257,train,0,0.01762256771326065,0,1,0.017779717221856117
train_0131,train,0,0.006745778489857912,0,1,0.0067686112597584724
train_0514,train,0,0.00048698132741265,0,1,0.0004870885459240526
train_0864,train,0,0.0023171755019575357,0,1,0.0023198791313916445
train_0765,train,1,0.9915730953216553,1,1,0.008462612517178059
train_0300,train,0,0.003842405043542385,0,1,0.003849814413115382
train_0878,train,1,0.9999823570251465,1,1,1.764313128660433e-05
train_0008,train,0,9.72352281678468e-05,0,1,9.721990500111133e-05
train_0053,train,1,0.9860854148864746,1,1,0.014012301340699196
train_0223,train,1,0.9730314016342163,1,1,0.027338923886418343
train_1059,train,1,0.992391049861908,1,1,0.007638045586645603
train_0786,train,1,0.9999523162841797,1,1,4.768485450767912e-05
train_0124,train,0,0.0004453345318324864,0,1,0.0004454054869711399
train_0212,train,0,0.000432125962106511,0,1,0.0004322270688135177
train_0730,train,1,0.9770968556404114,1,1,0.023169495165348053
train_0784,train,1,0.9710251092910767,1,1,0.029402950778603554
train_0848,train,0,0.02358388900756836,0,1,0.02386643923819065
train_0336,train,0,0.015169155783951283,0,1,0.01528537180274725
train_0861,train,1,0.9817236661911011,1,1,0.018445409834384918
train_1168,train,1,0.9742817878723145,1,1,0.026054708287119865
train_0103,train,0,0.00011310391710139811,0,1,0.00011313601135043427
train_0360,train,0,0.00039475716766901314,0,1,0.00039483950240537524
train_0400,train,0,0.009388643316924572,0,1,0.009432977065443993
train_0274,train,1,0.9997363686561584,1,1,0.0002636660938151181
train_0433,train,0,0.0011936197988688946,0,1,0.0011943555437028408
train_0720,train,0,0.04523498937487602,0,1,0.046290021389722824
train_0523,train,0,0.006814863532781601,0,1,0.006838164292275906
train_0948,train,0,0.004442093428224325,0,1,0.004451991058886051
train_1154,train,0,0.002425619401037693,0,1,0.002428557723760605
train_0586,train,1,0.9574722647666931,1,1,0.04345852509140968
train_0340,train,0,0.0003940655442420393,0,1,0.00039412398473359644
train_0100,train,0,0.0002172248059650883,0,1,0.00021722291421610862
train_0701,train,1,0.970377504825592,1,1,0.030070103704929352
train_0061,train,0,6.635334284510463e-05,0,1,6.634216697420925e-05
train_0958,train,1,0.9855437278747559,1,1,0.014561781659722328
train_0690,train,1,0.9673203825950623,1,1,0.03322552144527435
train_0094,train,1,0.9999877214431763,1,1,1.2278632311790716e-05
train_0982,train,0,0.00033272162545472383,0,1,0.0003327684826217592
train_0445,train,1,0.9982771873474121,1,1,0.0017242984613403678
train_1136,train,0,0.002288301708176732,0,1,0.0022909040562808514
train_0034,train,1,0.9777116775512695,1,1,0.022540459409356117
train_0157,train,0,0.004385421052575111,0,1,0.004395056050270796
train_0352,train,0,0.012134509161114693,0,1,0.012208716943860054
train_0985,train,1,0.9688963890075684,1,1,0.031597599387168884
train_0643,train,1,0.9995145797729492,1,1,0.000485538097564131
train_0962,train,1,0.9982075691223145,1,1,0.001794039155356586
train_0029,train,1,0.9950512051582336,1,1,0.0049610803835093975
train_1111,train,0,0.0027964888140559196,0,1,0.002800388727337122
train_0334,train,0,0.0005898875533603132,0,1,0.0005900811520405114
train_0923,train,0,6.3906959439918865e-06,0,1,6.377717454597587e-06
train_1153,train,1,0.9971933960914612,1,1,0.0028105496894568205
train_0840,train,1,0.9989914298057556,1,1,0.0010090791620314121
train_0909,train,1,0.9999985694885254,1,1,1.4305124977909145e-06
train_0926,train,1,0.8386519551277161,1,1,0.1759594976902008
train_0722,train,1,0.9995883107185364,1,1,0.0004117740609217435
train_0856,train,0,0.009551425464451313,0,1,0.009597313590347767
train_0446,train,0,0.039400313049554825,0,1,0.04019754007458687
train_1127,train,1,0.9386974573135376,1,1,0.06326205283403397
train_0035,train,1,0.997564435005188,1,1,0.002438535913825035
train_0529,train,1,0.9991517066955566,1,1,0.0008486533188261092
train_0953,train,0,0.0003623866941779852,0,1,0.00036246192757971585
train_0328,train,0,0.0031625826377421618,0,1,0.003167574293911457
train_0564,train,0,1.9033783246413805e-05,0,1,1.901406176330056e-05
train_0140,train,1,0.9700379967689514,1,1,0.030420036986470222
train_0018,train,0,0.0010205013677477837,0,1,0.001021012314595282
train_0026,train,1,0.9980732202529907,1,1,0.0019286384340375662
train_1051,train,1,0.9927720427513123,1,1,0.007254205644130707
train_0973,train,0,0.00534899951890111,0,1,0.005363337695598602
train_1133,train,1,0.9913294315338135,1,1,0.008708376437425613
train_0015,train,1,0.9865701794624329,1,1,0.013520816341042519
train_0039,train,0,0.01633988879621029,0,1,0.01647486723959446
train_0448,train,1,0.8593354225158691,1,1,0.15159595012664795
train_0800,train,1,0.9998722076416016,1,1,0.00012780052202288061
train_0697,train,1,0.9999380111694336,1,1,6.19907514192164e-05
train_1155,train,0,0.0001973132893908769,0,1,0.00019731084466911852
train_0283,train,1,0.9904305338859558,1,1,0.009615547955036163
train_0648,train,1,0.999075174331665,1,1,0.0009252536110579967
train_0631,train,0,0.0008408797439187765,0,1,0.000841256114654243
train_0802,train,1,0.9999903440475464,1,1,9.655999747337773e-06
train_0190,train,1,0.9999693632125854,1,1,3.0637256713816896e-05
train_0714,train,0,0.005423187278211117,0,1,0.005437946878373623
train_0814,train,0,4.4583561248146e-05,0,1,4.4585267460206524e-05
train_0073,train,0,0.004648804664611816,0,1,0.004659643862396479
train_0266,train,0,0.004021486733108759,0,1,0.004029573407024145
train_0252,train,0,0.002085186308249831,0,1,0.0020873858593404293
train_0431,train,0,0.0004324399633333087,0,1,0.00043252520845271647
train_0674,train,0,0.002364405896514654,0,1,0.002367196837440133
train_0402,train,0,0.00925152562558651,0,1,0.009294595569372177
train_0543,train,0,0.0007857232121750712,0,1,0.0007860172772780061
train_0551,train,0,0.00013312442752067,0,1,0.0001331060193479061
train_0577,train,1,0.9744668006896973,1,1,0.025864826515316963
train_0435,train,0,0.005226560402661562,0,1,0.005240258760750294
train_0862,train,1,0.993195652961731,1,1,0.0068276021629571915
train_0910,train,1,0.9999746084213257,1,1,2.5391900635440834e-05
train_0524,train,1,0.9915748238563538,1,1,0.008460868149995804
train_0871,train,0,1.2292768587940373e-05,0,1,1.2278632311790716e-05
train_1049,train,0,0.006178441923111677,0,1,0.006197604350745678
train_0306,train,0,0.002842718968167901,0,1,0.002846772549673915
train_1095,train,1,0.9838062524795532,1,1,0.0163262989372015
train_0269,train,0,0.0002506728924345225,0,1,0.00025072856806218624
train_0751,train,1,0.981109619140625,1,1,0.019071083515882492
train_1034,train,1,0.9957687854766846,1,1,0.004240191541612148
train_0262,train,0,0.011982717551290989,0,1,0.012055110186338425
train_0158,train,0,0.004152854438871145,0,1,0.004161481279879808
train_0890,train,0,5.763873195974156e-05,0,1,5.763935041613877e-05
train_0440,train,1,0.999985933303833,1,1,1.406679530191468e-05
train_0226,train,1,0.9912132620811462,1,1,0.008825568482279778
train_0485,train,1,0.9674482345581055,1,1,0.03309335932135582
train_0801,train,1,0.9999935626983643,1,1,6.437322554120328e-06
train_0557,train,0,0.004570945166051388,0,1,0.004581439774483442
train_0025,train,0,0.0033850488252937794,0,1,0.0033908092882484198
train_0774,train,0,0.004348352085798979,0,1,0.004357818979769945
train_0169,train,1,0.9898725748062134,1,1,0.010179055854678154
train_0998,train,1,0.9681431651115417,1,1,0.03237530216574669
train_1020,train,1,0.9984827637672424,1,1,0.0015183883951976895
train_0943,train,0,0.0041605508886277676,0,1,0.004169202409684658
train_0911,train,1,0.9999977350234985,1,1,2.2649790025752736e-06
train_1132,train,1,0.9874590635299683,1,1,0.012620237655937672
train_0044,train,1,0.9775310158729553,1,1,0.022725258022546768
train_0214,train,0,0.0002185325138270855,0,1,0.00021853450743947178
train_0641,train,1,0.9999097585678101,1,1,9.024550672620535e-05
train_0673,train,0,0.004975832067430019,0,1,0.004988276399672031
train_0475,train,0,0.001160040614195168,0,1,0.0011606989428400993
train_0208,train,0,0.01214541308581829,0,1,0.01221975777298212
train_0611,train,0,0.06223618984222412,0,1,0.06425715982913971
train_0181,train,1,0.9999998807907104,1,1,1.1920930376163597e-07
train_0076,train,1,0.9997778534889221,1,1,0.00022217117657419294
train_0284,train,1,0.9624698162078857,1,1,0.0382525734603405
train_0414,train,1,0.95692378282547,1,1,0.0440315343439579
train_0472,train,0,0.0072956872172653675,0,1,0.007322411518543959
train_0443,train,1,0.9950568675994873,1,1,0.004955390002578497
train_0459,train,0,0.00440254295244813,0,1,0.0044122375547885895
train_1011,train,0,0.03415388986468315,0,1,0.03475074842572212
train_1099,train,1,0.9739367961883545,1,1,0.02640886791050434
train_0213,train,0,0.00043072132393717766,0,1,0.0004307959461584687
train_1090,train,0,0.008077750913798809,0,1,0.00811054278165102
train_0273,train,1,0.9999892711639404,1,1,1.0728893357736524e-05
train_0177,train,0,0.026797696948051453,0,1,0.027163319289684296
train_0196,train,0,0.00863906741142273,0,1,0.00867663137614727
train_1052,train,1,0.9886052012443542,1,1,0.011460216715931892
train_0874,train,1,0.9996802806854248,1,1,0.00031977042090147734
train_0314,train,1,0.9994204044342041,1,1,0.0005797636113129556
train_0708,train,0,0.027579572051763535,0,1,0.027967000380158424
train_0771,train,0,0.04074716195464134,0,1,0.04160059243440628
train_0585,train,1,0.9876941442489624,1,1,0.012382199987769127
train_0305,train,0,0.01380540244281292,0,1,0.013901570811867714
train_0047,train,1,0.99315345287323,1,1,0.006870092358440161
train_0723,train,1,0.9761697053909302,1,1,0.024118827655911446
train_0498,train,1,0.9946293234825134,1,1,0.005385150201618671
train_0794,train,0,0.04175598919391632,0,1,0.042652811855077744
train_0569,train,0,0.004955214913934469,0,1,0.004967549350112677
train_0875,train,1,0.9897880554199219,1,1,0.010264444164931774
train_0198,train,0,0.0019759368151426315,0,1,0.001977908192202449
train_0453,train,0,0.006052875891327858,0,1,0.006071244366466999
train_0506,train,0,0.001169188879430294,0,1,0.0011698887683451176
train_0825,train,1,0.9911559820175171,1,1,0.008883358910679817
train_0247,train,0,0.000927241868339479,0,1,0.0009276996133849025
train_0245,train,0,1.7915587591232907e-07,0,1,1.788139627478813e-07
train_0805,train,1,0.996065080165863,1,1,0.003942681942135096
train_0644,train,1,0.9950336217880249,1,1,0.004978751298040152
train_0201,train,0,0.0008565884782001376,0,1,0.0008569454657845199
train_0476,train,0,0.045289624482393265,0,1,0.04634726792573929
train_0570,train,0,0.01217951811850071,0,1,0.012254271656274796
train_0327,train,0,0.0005802891100756824,0,1,0.0005804792745038867
train_0373,train,0,0.02265411987900734,0,1,0.022914662957191467
train_0865,train,0,0.0013839560560882092,0,1,0.001384918810799718
train_0711,train,0,0.0004042638756800443,0,1,0.00040432039531879127
train_0068,train,1,0.9968883395195007,1,1,0.0031165117397904396
train_0634,train,0,0.021213414147496223,0,1,0.02144165150821209
train_0104,train,0,2.945534470200073e-05,0,1,2.9445129257510416e-05
train_0192,train,0,0.0032007761765271425,0,1,0.003205902874469757
train_0966,train,1,0.9993181228637695,1,1,0.0006821097922511399
train_0098,train,1,0.9999881982803345,1,1,1.180178969661938e-05
train_0419,train,1,0.9999582767486572,1,1,4.172412081970833e-05
train_1166,train,1,0.9777528643608093,1,1,0.02249833568930626
train_1053,train,1,0.99996018409729,1,1,3.9816695789340883e-05
train_0197,train,0,0.031618643552064896,0,1,0.03212931752204895
train_0850,train,0,0.005214110016822815,0,1,0.005227735731750727
train_0097,train,1,0.998342752456665,1,1,0.0016586222918704152
train_0086,train,0,0.01322023943066597,0,1,0.013308416120707989
train_0381,train,1,0.9999998807907104,1,1,1.1920930376163597e-07
train_0426,train,0,0.020564546808600426,0,1,0.020778952166438103
train_0418,train,1,0.9953786134719849,1,1,0.004632098134607077
train_0787,train,1,0.9998778104782104,1,1,0.0001221969723701477
train_0679,train,0,0.0043871160596609116,0,1,0.004396792035549879
train_0934,train,0,0.009623289108276367,0,1,0.009669892489910126
train_1046,train,0,0.001700235647149384,0,1,0.0017016695346683264
train_1093,train,1,0.9735363125801086,1,1,0.02682015486061573
train_0409,train,0,0.009329392574727535,0,1,0.00937317032366991
train_0620,train,0,0.011034917086362839,0,1,0.011096241883933544
train_1119,train,0,0.01846175082027912,0,1,0.018634309992194176
train_0941,train,0,0.05294899269938469,0,1,0.054402343928813934
train_0393,train,1,0.9986432194709778,1,1,0.0013577018398791552
train_1000,train,1,0.9925010800361633,1,1,0.00752717861905694
train_0727,train,1,0.9960224032402039,1,1,0.003985528834164143
train_1131,train,1,0.9870813488960266,1,1,0.013002823106944561
train_1088,train,0,0.017740728333592415,0,1,0.017899980768561363
train_1160,train,0,4.2140141886193305e-05,0,1,4.2141367885051295e-05
train_0704,train,0,0.00788453221321106,0,1,0.007915749214589596
train_0482,train,0,0.026410579681396484,0,1,0.026765605434775352
train_0604,train,0,0.006050343159586191,0,1,0.0060687256045639515
train_0729,train,1,0.9977515339851379,1,1,0.002250997582450509
train_0725,train,1,0.9529252648353577,1,1,0.04821879789233208
train_0900,train,0,0.018630897626280785,0,1,0.018806662410497665
train_0224,train,1,0.9808957576751709,1,1,0.019289087504148483
train_0141,train,1,0.8725464344024658,1,1,0.13633941113948822
train_0041,train,0,0.008972068317234516,0,1,0.009012539871037006
train_1142,train,0,0.00019606521527748555,0,1,0.00019605889974627644
train_0403,train,0,0.015517844818532467,0,1,0.015639493241906166
train_0817,train,0,0.0003819176636170596,0,1,0.00038201952702365816
train_0670,train,0,0.017862051725387573,0,1,0.01802353374660015
train_1123,train,0,0.012416082434356213,0,1,0.01249378826469183
train_0860,train,1,0.9869245290756226,1,1,0.013161707669496536
train_1126,train,1,0.9374412894248962,1,1,0.06460115313529968
train_0636,train,0,0.01110241562128067,0,1,0.01116453018039465
train_0895,train,1,0.9797773957252502,1,1,0.020429881289601326
train_0552,train,0,0.0004936328041367233,0,1,0.000493767554871738
train_1082,train,1,0.9972896575927734,1,1,0.0027140220627188683
train_0540,train,0,0.0005241233156993985,0,1,0.0005242410697974265
train_1066,train,0,0.00031483094790019095,0,1,0.0003148812975268811
train_0749,train,1,0.9999146461486816,1,1,8.535749657312408e-05
train_0007,train,0,1.1992812687822152e-05,0,1,1.1980604540440254e-05
train_0838,train,1,0.9999784231185913,1,1,2.157711423933506e-05
train_0233,train,1,0.9890514016151428,1,1,0.011008975096046925
train_0238,train,1,0.9991200566291809,1,1,0.0008803307428024709
train_1110,train,0,0.006629461422562599,0,1,0.006651539821177721
train_0858,train,1,0.9999723434448242,1,1,2.7656937163555995e-05
train_0891,train,0,0.00014570826897397637,0,1,0.00014574397937394679
train_1139,train,0,0.0018436172977089882,0,1,0.0018453329103067517
train_0265,train,0,0.00024142493202816695,0,1,0.00024142794427461922
train_0832,train,0,0.007940537296235561,0,1,0.007972224615514278
train_1002,train,1,0.9860596060752869,1,1,0.014038474299013615
train_1122,train,0,0.009078106842935085,0,1,0.009119542315602303
train_0130,train,0,0.0021234028972685337,0,1,0.0021256732288748026
train_0750,train,1,0.9988448619842529,1,1,0.0011558056576177478
train_0863,train,0,5.040871474193409e-05,0,1,5.042680277256295e-05
train_0404,train,0,0.009194297716021538,0,1,0.009236842393875122
train_0183,train,1,0.9999990463256836,1,1,9.536747711536009e-07
train_0971,train,0,0.06898584216833115,0,1,0.07148076593875885
train_0616,train,0,0.0006442561279982328,0,1,0.0006444742321036756
train_0778,train,1,0.9987194538116455,1,1,0.0012813667999580503
train_0503,train,0,0.001855239039286971,0,1,0.0018569773528724909
train_1071,train,1,0.9941451549530029,1,1,0.005872051697224379
train_1085,train,0,0.000253693520789966,0,1,0.0002537095278967172
train_0785,train,1,0.995223343372345,1,1,0.004788101185113192
train_0657,train,1,0.989098072052002,1,1,0.010961789637804031
train_0390,train,1,0.9999896287918091,1,1,1.0371261851105373e-05
train_0045,train,1,0.9962965846061707,1,1,0.00371028995141387
train_0715,train,0,0.002486212644726038,0,1,0.0024893248919397593
train_0002,train,0,0.00026028271531686187,0,1,0.00026032738969661295
train_0378,train,1,1.0,1,1,1.1920930376163597e-07
train_0113,train,0,0.019195344299077988,0,1,0.019381942227482796
train_0584,train,1,0.9816176295280457,1,1,0.01855342648923397
train_0954,train,1,0.9999572038650513,1,1,4.279704808141105e-05
train_0090,train,0,0.00978218112140894,0,1,0.009830355644226074
train_0480,train,0,0.020935729146003723,0,1,0.021157974377274513
train_0259,train,0,0.0014455594355240464,0,1,0.0014465776039287448
train_0204,train,0,0.00012029673962388188,0,1,0.00012028940545860678
train_0609,train,0,0.005122093483805656,0,1,0.005135228391736746
train_0517,train,0,0.0034220924135297537,0,1,0.0034279499668627977
train_0571,train,0,0.00027651278651319444,0,1,0.00027654418954625726
train_0940,train,0,0.003966035787016153,0,1,0.003973919432610273
train_0457,train,0,0.0035844948142766953,0,1,0.003590943990275264
train_0793,train,0,0.008323194459080696,0,1,0.008358024060726166
train_0037,train,0,0.002242345130071044,0,1,0.0022448445670306683
train_0803,train,1,0.9998437166213989,1,1,0.00015629558765795082
train_1019,train,1,0.99863201379776,1,1,0.001368922763504088
train_0330,train,0,0.04543313384056091,0,1,0.046497613191604614
train_0772,train,0,0.01026601530611515,0,1,0.010319065302610397
train_0702,train,0,0.015765570104122162,0,1,0.015891145914793015
train_0062,train,1,0.9965268969535828,1,1,0.0034791482612490654
train_1063,train,0,0.01812433823943138,0,1,0.018290599808096886
train_1010,train,0,0.011414527893066406,0,1,0.011480174027383327
train_1129,train,1,0.9599647521972656,1,1,0.04085870832204819
train_0229,train,1,0.9822872281074524,1,1,0.017871521413326263
train_0397,train,0,0.014847850427031517,0,1,0.014959207735955715
train_0521,train,0,0.0063158548437058926,0,1,0.006335856392979622
train_0134,train,0,0.008567010052502155,0,1,0.008603943511843681
train_0309,train,1,0.9811933040618896,1,1,0.018985791131854057
train_0842,train,1,0.9928024411201477,1,1,0.007223586551845074
train_0137,train,1,0.9979463219642639,1,1,0.002055789576843381
train_0193,train,0,0.002919799415394664,0,1,0.0029240641742944717
train_0907,train,1,0.9999500513076782,1,1,4.9949940148508176e-05
train_0775,train,0,0.014973830431699753,0,1,0.015087058767676353
train_0937,train,0,0.00040582806104794145,0,1,0.0004059304192196578
train_0519,train,0,0.0009568292880430818,0,1,0.0009572914568707347
train_0139,train,1,0.9993712306022644,1,1,0.0006289671873673797
train_0311,train,1,0.9966939687728882,1,1,0.0033115081023424864
train_0258,train,0,0.0038545618299394846,0,1,0.0038620210252702236
train_1098,train,1,0.9911751747131348,1,1,0.008863994851708412
train_0652,train,1,0.9999377727508545,1,1,6.222917727427557e-05
train_0671,train,0,0.012596549466252327,0,1,0.012676556594669819
train_0185,train,1,0.9999998807907104,1,1,1.1920930376163597e-07
train_0353,train,0,0.0033072929363697767,0,1,0.0033127639908343554
train_0951,train,0,0.00019723955483641475,0,1,0.0001972512254724279
train_1109,train,0,0.005222753621637821,0,1,0.005236423574388027
train_0932,train,1,0.9743278622627258,1,1,0.02600741758942604
train_1036,train,1,0.9913246631622314,1,1,0.008713186718523502
train_0055,train,0,0.002676327247172594,0,1,0.002679895842447877
train_0129,train,0,0.0043779406696558,0,1,0.004387572407722473
train_0710,train,0,0.010644578374922276,0,1,0.010701613500714302
train_1116,train,1,0.9897860288619995,1,1,0.010266491211950779
train_0691,train,1,0.9998774528503418,1,1,0.00012255465844646096
train_0563,train,0,1.3696406313101761e-05,0,1,1.3709161976294126e-05
train_0869,train,0,9.053048415808007e-05,0,1,9.054355177795514e-05
train_0964,train,1,0.9976611137390137,1,1,0.0023416257463395596
train_1081,train,1,0.9993897676467896,1,1,0.0006104186177253723
train_0348,train,1,0.8922461271286011,1,1,0.11401325464248657
train_1102,train,0,0.0015420104609802365,0,1,0.0015432219952344894
train_0301,train,0,0.008828074671328068,0,1,0.008867301978170872
train_0536,train,0,0.00012052350211888552,0,1,0.0001205278531415388
train_0562,train,0,8.201092714443803e-05,0,1,8.201935270335525e-05
train_0385,train,1,0.9972254037857056,1,1,0.0027784528210759163
train_0728,train,1,0.9937102794647217,1,1,0.0063095842488110065
train_0997,train,0,0.005878089461475611,0,1,0.005895434878766537
train_0546,train,0,0.0025839684531092644,0,1,0.0025873249396681786
train_1001,train,1,0.9392955303192139,1,1,0.06262511759996414
train_0077,train,1,0.9809138178825378,1,1,0.019270673394203186
train_0486,train,1,0.9965466856956482,1,1,0.003459290834143758
train_1089,train,0,0.002835967345163226,0,1,0.002840018132701516
train_0853,train,0,0.00371295097284019,0,1,0.0037198620848357677
train_0686,train,0,0.08087502419948578,0,1,0.08433318883180618
train_0170,train,0,0.02037001959979534,0,1,0.020580336451530457
train_0684,train,0,0.0013209418393671513,0,1,0.0013218313688412309
train_1135,train,1,0.9519369006156921,1,1,0.04925652965903282
train_0905,train,0,0.03849630057811737,0,1,0.039256881922483444
train_0285,train,1,0.9874767661094666,1,1,0.012602310627698898
train_0144,train,1,0.843934178352356,1,1,0.16968077421188354
train_0776,train,1,0.9998539686203003,1,1,0.0001460420317016542
train_0279,train,1,0.9466409087181091,1,1,0.054835446178913116
train_0525,train,1,0.9980449676513672,1,1,0.0019569459836930037
train_0979,train,0,0.000853386300150305,0,1,0.0008537240792065859
train_0270,train,0,0.00044429904664866626,0,1,0.00044439174234867096
train_0675,train,0,0.0039015014190226793,0,1,0.003909111954271793
train_0608,train,0,0.025265367701649666,0,1,0.025590047240257263
train_0669,train,0,0.001889049424789846,0,1,0.0018908365163952112
train_1152,train,1,0.9789247512817383,1,1,0.021300502121448517
train_0470,train,0,0.004394914489239454,0,1,0.004404574632644653
train_0321,train,1,0.9979968667030334,1,1,0.002005142392590642
train_0410,train,1,0.9996825456619263,1,1,0.00031750474590808153
train_0545,train,0,0.0019347848137840629,0,1,0.0019366409396752715
train_1130,train,1,0.9953987002372742,1,1,0.004611918702721596
train_0837,train,1,0.9997751116752625,1,1,0.00022491361596621573
train_1076,train,1,0.9988853335380554,1,1,0.0011152882361784577
train_0867,train,0,0.03855743259191513,0,1,0.03932042419910431
train_0642,train,1,0.9998860359191895,1,1,0.00011397057824069634
train_0757,train,0,0.024013550952076912,0,1,0.024306606501340866
train_0463,train,0,0.0013450069818645716,0,1,0.0013458840548992157
train_0683,train,0,0.012678802013397217,0,1,0.012759864330291748
train_0250,train,0,0.00016907896497286856,0,1,0.00016911266720853746
train_0594,train,0,0.11486129462718964,0,1,0.12201092392206192
train_0275,train,1,0.9998579025268555,1,1,0.00014210757217369974
train_0405,train,0,0.018992668017745018,0,1,0.019175339490175247
train_0294,train,0,0.009939533658325672,0,1,0.009989278391003609
train_0065,train,1,0.9990849494934082,1,1,0.0009154694271273911
train_0623,train,0,0.0006737184012308717,0,1,0.0006739383679814637
train_0351,train,0,0.026605643332004547,0,1,0.026966003701090813
train_0040,train,0,0.005239411257207394,0,1,0.005253200884908438
train_0176,train,0,0.0015902778832241893,0,1,0.001591517822816968
train_0561,train,0,1.3598714758700226e-05,0,1,1.3589951777248643e-05
train_0981,train,0,0.005967800039798021,0,1,0.005985674448311329
train_0442,train,1,0.99241042137146,1,1,0.007618525996804237
train_0231,train,1,0.9999473094940186,1,1,5.269188841339201e-05
train_0656,train,1,0.9971080422401428,1,1,0.002896147547289729
train_1069,train,0,0.0040636248886585236,0,1,0.0040718852542340755
train_0496,train,1,0.9762925505638123,1,1,0.02399299293756485
train_0511,train,0,0.004496309440582991,0,1,0.004506474826484919
train_0249,train,0,0.0009679607464931905,0,1,0.0009684481774456799
train_0187,train,1,0.9999982118606567,1,1,1.7881409348774469e-06
train_0681,train,0,0.015794215723872185,0,1,0.015920275822281837
train_0167,train,1,0.9872581362724304,1,1,0.012823737226426601
train_0232,train,1,0.9835460186004639,1,1,0.016590850427746773
train_0813,train,0,7.59509566705674e-05,0,1,7.593919872306287e-05
train_0338,train,0,0.0033496276009827852,0,1,0.0033552248496562243
train_1031,train,0,4.895539677818306e-05,0,1,4.8936613893602043e-05
train_0366,train,0,0.001166755799204111,0,1,0.0011674420675262809
train_0989,train,0,0.006398871541023254,0,1,0.006419416982680559
train_0458,train,0,0.002860418288037181,0,1,0.0028645258862525225
train_0308,train,1,0.9998824596405029,1,1,0.00011754727165680379
train_1171,train,1,0.9694409966468811,1,1,0.031035667285323143
train_0595,train,0,0.0080940630286932,0,1,0.008127006702125072
train_0322,train,1,0.9987364411354065,1,1,0.0012643577065318823
train_0288,train,0,0.002879210514947772,0,1,0.002883355366066098
train_0960,train,1,0.9978735446929932,1,1,0.00212871958501637
train_1058,train,1,0.9966577291488647,1,1,0.003347868798300624
train_0011,train,0,0.0003464305482339114,0,1,0.00034648223663680255
train_0001,train,0,0.004670971538871527,0,1,0.004681920632719994
train_0152,train,0,0.012192703783512115,0,1,0.012267665937542915
train_0084,train,0,0.008330482989549637,0,1,0.008365356363356113
train_0179,train,1,0.9999951124191284,1,1,4.887592695013154e-06
train_0416,train,1,0.9986054301261902,1,1,0.0013955432223156095
train_0554,train,0,0.0018229723209515214,0,1,0.001824611914344132
train_0696,train,1,0.9810642004013062,1,1,0.01911737769842148
train_0429,train,0,0.0014461983228102326,0,1,0.0014472341863438487
train_0913,train,1,0.9999994039535522,1,1,5.960466182841628e-07
train_0372,train,0,0.00014283879136200994,0,1,0.00014282294432632625
train_0797,train,0,0.010410412214696407,0,1,0.010464995168149471
train_0507,train,0,0.003383334493264556,0,1,0.0033890746999531984
train_0972,train,0,0.023051749914884567,0,1,0.02332158386707306
train_0276,train,1,0.9999805688858032,1,1,1.943130155268591e-05
train_0806,train,1,0.9997254014015198,1,1,0.000274636346148327
train_0054,train,0,0.00014390952128451318,0,1,0.00014389597345143557
train_0553,train,0,0.00274329143576324,0,1,0.0027470735367387533
train_0462,train,0,0.01036486029624939,0,1,0.010418979451060295
train_0349,train,0,0.001825073268264532,0,1,0.0018267616396769881
train_0758,train,0,0.006326409988105297,0,1,0.006346534006297588
train_0189,train,1,0.9993305206298828,1,1,0.0006697035860270262
train_0135,train,0,0.0035243863239884377,0,1,0.0035305882338434458
train_0731,train,1,0.9821273684501648,1,1,0.018034273758530617
train_0012,train,1,0.993355393409729,1,1,0.006666779983788729
train_0770,train,1,0.9929051995277405,1,1,0.007120087742805481
train_0591,train,1,0.9976102113723755,1,1,0.002392648719251156
train_0747,train,1,0.9966296553611755,1,1,0.0033760371152311563
train_0325,train,1,0.9895278811454773,1,1,0.010527337901294231
train_1104,train,0,0.0028665384743362665,0,1,0.0028706828597933054
train_1016,train,1,0.9998080134391785,1,1,0.00019200498354621232
train_1003,train,1,0.9734395742416382,1,1,0.026919525116682053
train_1125,train,1,0.9690572023391724,1,1,0.031431637704372406
train_0424,train,1,0.9983835220336914,1,1,0.0016177858924493194
train_1087,train,0,0.010186659172177315,0,1,0.010238911025226116
train_0717,train,0,0.03709644079208374,0,1,0.03780202195048332
train_0297,train,0,0.011183693073689938,0,1,0.011246686801314354
train_0267,train,0,0.0019985514227300882,0,1,0.0020005435217171907
train_0987,train,1,0.9970303773880005,1,1,0.002974040573462844
train_0364,train,0,0.025976110249757767,0,1,0.026319460943341255
train_0236,train,1,0.997670590877533,1,1,0.0023321264889091253
train_0654,train,1,0.9838369488716125,1,1,0.01629509963095188
train_0555,train,0,0.0001297402777709067,0,1,0.00012976773723494262
train_1107,train,0,0.017755931243300438,0,1,0.017915453761816025
train_0450,train,0,0.00026058463845402,0,1,0.0002606254711281508
train_0108,train,1,0.9986395239830017,1,1,0.0013614022172987461
train_0527,train,1,0.9999065399169922,1,1,9.346444858238101e-05
train_0845,train,0,0.03555576875805855,0,1,0.036203280091285706
train_0732,train,1,0.9823940992355347,1,1,0.01776272803544998
train_0434,train,0,0.018959620967507362,0,1,0.019141679629683495
train_0487,train,1,0.9955536723136902,1,1,0.0044562420807778835
train_0781,train,1,0.998190701007843,1,1,0.0018109376542270184
train_0303,train,0,0.0030609522946178913,0,1,0.003065631026402116
train_0938,train,0,0.005421037320047617,0,1,0.0054357899352908134
train_0798,train,0,0.00106705108191818,0,1,0.001067612087354064
train_0143,train,1,0.970146119594574,1,1,0.03030858002603054
train_0387,train,1,0.9998620748519897,1,1,0.00013793466496281326
train_0883,train,0,0.007116659544408321,0,1,0.007142119575291872
train_0199,train,0,0.00015468223136849701,0,1,0.0001546860148664564
train_0013,train,1,0.9761139154434204,1,1,0.024175982922315598
train_0870,train,0,0.0010633290512487292,0,1,0.0010639126412570477
train_0829,train,0,0.005242687650024891,0,1,0.005256496369838715
train_0607,train,0,0.021114295348525047,0,1,0.02134038507938385
train_1121,train,0,0.008051267825067043,0,1,0.00808386318385601
train_0836,train,0,0.011844578199088573,0,1,0.011915281414985657
train_0695,train,1,0.9924772381782532,1,1,0.007551200687885284
train_0481,train,0,0.01031365804374218,0,1,0.010367183946073055
train_0324,train,1,0.9858267903327942,1,1,0.01427460927516222
train_0970,train,0,0.007429083343595266,0,1,0.007456796709448099
train_0721,train,1,0.9833008050918579,1,1,0.016840199008584023
train_0533,train,1,0.9952406883239746,1,1,0.004770673345774412
train_0935,train,0,0.009502317756414413,0,1,0.00954772625118494
train_0075,train,0,0.021649712696671486,0,1,0.021887512877583504
train_0512,train,0,0.0008290088153444231,0,1,0.0008293252321891487
train_0230,train,1,0.9991612434387207,1,1,0.0008391085430048406
train_0556,train,0,4.884520240011625e-05,0,1,4.881739732809365e-05
train_0582,train,1,0.9570793509483337,1,1,0.04386897385120392
train_1113,train,1,0.9999802112579346,1,1,1.9788936697295867e-05
train_0228,train,1,0.9607348442077637,1,1,0.040056824684143066
train_0915,train,1,0.9999797344207764,1,1,2.0265784769435413e-05
train_0783,train,1,0.9988393187522888,1,1,0.0011613552924245596
train_0477,train,0,0.015458755195140839,0,1,0.015579495579004288
train_0052,train,1,0.9950937032699585,1,1,0.004918372258543968
train_0811,train,1,0.9968558549880981,1,1,0.003149098251014948
train_0544,train,0,0.0011071348562836647,0,1,0.001107769669033587
train_0988,train,0,1.7329328329651617e-05,0,1,1.7345100786769763e-05
train_0105,train,0,0.0016112240264192224,0,1,0.0016125323018059134
train_0471,train,0,0.001962280599400401,0,1,0.001964231953024864
train_0975,train,0,0.0003038085123989731,0,1,0.0003038510330952704
train_0437,train,0,0.009896041825413704,0,1,0.009945331141352654
train_0599,train,0,0.032574210315942764,0,1,0.03311658650636673
train_0559,train,0,5.0909195124404505e-05,0,1,5.090366175863892e-05
train_0936,train,0,0.0072863902896642685,0,1,0.007313045207411051
train_0110,train,1,0.9997970461845398,1,1,0.000202974391868338
train_1056,train,1,0.9970139265060425,1,1,0.0029905405826866627
train_0621,train,0,0.0002843471011146903,0,1,0.00028441421454772353
train_0118,train,0,0.05350550636649132,0,1,0.054990097880363464
train_0789,train,0,0.010078800842165947,0,1,0.010129922069609165
train_0216,train,0,0.0002820139052346349,0,1,0.00028202933026477695
train_0974,train,0,0.001345552154816687,0,1,0.0013464809162542224
train_0159,train,0,0.001588737010024488,0,1,0.0015900252619758248
train_1164,train,1,0.9832951426506042,1,1,0.016845956444740295
train_0359,train,0,0.0005407971329987049,0,1,0.0005409392178989947
train_0407,train,0,0.006182697601616383,0,1,0.006201862823218107
train_0605,train,0,0.0025247978046536446,0,1,0.0025279857218265533
train_0579,train,1,0.9817084074020386,1,1,0.0184609517455101
train_0468,train,0,0.0029854148160666227,0,1,0.002989883068948984
train_0024,train,0,7.705238203925546e-06,0,1,7.689028279855847e-06
train_1038,train,1,0.9915297031402588,1,1,0.00850637350231409
train_1077,train,1,0.9904360175132751,1,1,0.009610011242330074
train_0436,train,0,0.0028271619230508804,0,1,0.0028311714995652437
train_0549,train,0,0.0001935987820615992,0,1,0.00019361461454536766
train_0060,train,0,0.0019743070006370544,0,1,0.0019762362353503704
train_0886,train,0,0.001064357697032392,0,1,0.0010649269679561257
train_0180,train,1,0.9999985694885254,1,1,1.4305124977909145e-06
train_0125,train,0,0.0008302182541228831,0,1,0.0008305779774673283
train_0072,train,0,0.012355479411780834,0,1,0.012432469986379147
train_0849,train,0,0.011233246885240078,0,1,0.011296839453279972
train_0622,train,0,9.114036947721615e-05,0,1,9.113965643336996e-05
train_0302,train,0,0.009823072701692581,0,1,0.009871648624539375
train_0718,train,0,0.003120334818959236,0,1,0.003125241259112954
train_0782,train,1,0.9524672031402588,1,1,0.04869960620999336
train_0332,train,0,0.02112589031457901,0,1,0.021352257579565048
train_0082,train,0,0.006099848076701164,0,1,0.0061184996739029884
train_0920,train,0,0.00016795996634755284,0,1,0.00016797998978290707
train_0260,train,0,2.717008646868635e-05,0,1,2.7180087272427045e-05
train_0769,train,1,0.9830955862998962,1,1,0.017048923298716545
train_0361,train,0,0.00709060113877058,0,1,0.007115886081010103
train_0195,train,0,0.0011814788449555635,0,1,0.0011821817606687546
train_1074,train,1,0.9999798536300659,1,1,2.014657366089523e-05
train_0289,train,0,0.0007605720893479884,0,1,0.0007608446758240461
train_0762,train,1,0.9902496933937073,1,1,0.00979815237224102
train_0501,train,0,0.003146917326375842,0,1,0.00315190851688385
train_0028,train,1,0.9111120700836182,1,1,0.09308936446905136
train_0150,train,0,0.003008883912116289,0,1,0.003013437846675515
train_0051,train,1,0.954504668712616,1,1,0.046562742441892624
train_0355,train,1,0.9999998807907104,1,1,1.1920930376163597e-07
train_0518,train,0,0.0014113843208178878,0,1,0.0014123752480372787
train_0264,train,0,0.0005208656657487154,0,1,0.0005210207309573889
train_0738,train,0,0.03122136741876602,0,1,0.03171916306018829
train_0495,train,1,0.917935848236084,1,1,0.08562777191400528
train_0889,train,0,0.06491704285144806,0,1,0.0671200156211853
train_0505,train,0,0.002880644053220749,0,1,0.0028847898356616497
train_0016,train,1,0.9077360033988953,1,1,0.09680168330669403
train_0160,train,0,0.018833301961421967,0,1,0.01901288516819477
train_0454,train,0,0.0035778777673840523,0,1,0.0035843041259795427
train_0287,train,1,0.9952908754348755,1,1,0.004720247350633144
train_0820,train,1,0.9993278980255127,1,1,0.0006723279366269708
train_0281,train,1,0.9745994210243225,1,1,0.0257287435233593
train_0048,train,1,0.9967907071113586,1,1,0.003214453812688589
train_0010,train,0,1.6071799109340645e-05,0,1,1.609338323760312e-05
train_0136,train,1,0.9372513890266418,1,1,0.06480374187231064
train_0363,train,0,0.007038632873445749,0,1,0.007063540630042553
train_0254,train,0,3.1176896300166845e-05,0,1,3.117371670668945e-05
train_0479,train,0,0.03453605994582176,0,1,0.035146526992321014
train_1060,train,0,0.02110932767391205,0,1,0.021335329860448837
train_0833,train,0,0.025846941396594048,0,1,0.026186861097812653
train_0624,train,0,0.00012931525998283178,0,1,0.00012935044651385397
train_0126,train,0,0.007524505723267794,0,1,0.007552941795438528
train_1101,train,0,0.01231212355196476,0,1,0.012388535775244236
train_1064,train,0,0.0013145554112270474,0,1,0.0013154452899470925
train_0467,train,0,0.006626808550208807,0,1,0.0066488394513726234
train_1062,train,0,0.006903092376887798,0,1,0.006927048787474632
train_0145,train,0,0.008705497719347477,0,1,0.00874361116439104
train_0764,train,1,0.9982231259346008,1,1,0.0017784545198082924
train_0777,train,1,0.9995170831680298,1,1,0.00048303348012268543
train_0111,train,1,0.9996392726898193,1,1,0.0003607923863455653
train_0692,train,1,0.9549097418785095,1,1,0.0461384542286396
train_0510,train,0,0.016615508124232292,0,1,0.01675509475171566
train_1054,train,1,0.9998670816421509,1,1,0.0001329271908616647
train_0693,train,1,0.9856091141700745,1,1,0.014495438896119595
train_0172,train,0,0.021063638851046562,0,1,0.02128862775862217
train_0942,train,0,0.0021712034940719604,0,1,0.0021735788322985172
train_0425,train,1,0.9999655485153198,1,1,3.445207767072134e-05
train_0759,train,0,0.0003241063095629215,0,1,0.0003241825907025486
train_1114,train,1,0.9997772574424744,1,1,0.00022276736854109913
train_0660,train,1,0.9984808564186096,1,1,0.0015202985377982259
train_0398,train,0,0.02782503515481949,0,1,0.02821950800716877
train_0743,train,1,0.9964702129364014,1,1,0.0035360315814614296
train_0371,train,0,9.084076009457931e-05,0,1,9.084160410566255e-05
train_0391,train,1,0.99928879737854,1,1,0.0007114556501619518
train_1042,train,0,0.02402498573064804,0,1,0.0243182685226202
train_0465,train,0,0.005440495442599058,0,1,0.00545532675459981
train_0526,train,1,0.9988195300102234,1,1,0.0011811673175543547
train_0844,train,1,0.9998173117637634,1,1,0.00018270491273142397
train_1140,train,0,0.0013207995798438787,0,1,0.001321652322076261
train_0017,train,1,0.9898485541343689,1,1,0.01020332332700491
train_0967,train,1,0.9929855465888977,1,1,0.00703917071223259
train_1143,train,0,0.00012516397691797465,0,1,0.0001251775975106284
train_1118,train,0,0.007647277787327766,0,1,0.0076766666024923325
train_0003,train,0,0.012432838790118694,0,1,0.012510747648775578
train_0210,train,0,0.0005205839988775551,0,1,0.0005207225331105292
train_0633,train,0,0.005921599455177784,0,1,0.00593920424580574
train_0653,train,1,0.9998522996902466,1,1,0.00014771120913792402
train_0547,train,0,0.004945260938256979,0,1,0.004957546480000019
train_0808,train,1,0.9998973608016968,1,1,0.00010264446609653533
train_0919,train,0,0.0001520562218502164,0,1,0.00015206301759462804
train_0408,train,0,0.003981037065386772,0,1,0.00398899894207716
train_0307,train,1,0.9999741315841675,1,1,2.5868750526569784e-05
train_0768,train,1,0.9977865219116211,1,1,0.002215931424871087
train_0592,train,1,0.9993314743041992,1,1,0.000668749213218689
train_0489,train,1,0.9900508522987366,1,1,0.009998971596360207
train_0339,train,0,0.00016433770360890776,0,1,0.00016434350982308388
train_0119,train,0,0.03165080025792122,0,1,0.03216249495744705
train_0901,train,0,0.0016970630967989564,0,1,0.0016985051333904266
train_1039,train,1,0.9953881502151489,1,1,0.00462251715362072
train_0168,train,1,0.9992029070854187,1,1,0.0007974107284098864
train_0637,train,0,0.004297518637031317,0,1,0.00430675595998764
train_0590,train,1,0.9992165565490723,1,1,0.0007837504963390529
train_0588,train,1,0.9432448148727417,1,1,0.05842941626906395
train_0432,train,0,0.022747762501239777,0,1,0.023010477423667908
train_0694,train,1,0.9080708622932434,1,1,0.09643285721540451
train_0635,train,0,0.03319893404841423,0,1,0.03376254811882973
train_0877,train,1,0.9997954964637756,1,1,0.0002045244473265484
train_0333,train,0,0.02658407762646675,0,1,0.026943836361169815
train_0754,train,0,0.00034188907011412084,0,1,0.0003419507120270282
train_1055,train,1,0.998314619064331,1,1,0.0016868027159944177
train_0680,train,0,0.004519436042755842,0,1,0.004529706668108702
train_0502,train,0,0.010015860199928284,0,1,0.010066340677440166
train_0000,train,0,0.011851226910948753,0,1,0.011922038160264492
train_0613,train,0,0.00013014147407375276,0,1,0.00013012540875934064
train_0955,train,1,0.9970729351043701,1,1,0.002931357128545642
train_0474,train,0,0.0033447472378611565,0,1,0.003350380575284362
train_0043,train,1,0.9247497320175171,1,1,0.07823213189840317
train_0807,train,1,0.9434778690338135,1,1,0.05818236991763115
train_0760,train,0,0.0004947673296555877,0,1,0.0004949006251990795
train_0121,train,0,0.0017150611383840442,0,1,0.001716536469757557
train_1021,train,1,0.9988705515861511,1,1,0.001130086719058454
train_0038,train,0,0.027755478397011757,0,1,0.02814796194434166
train_0687,train,0,0.003188798204064369,0,1,0.0031938839238137007
train_0031,train,1,0.91413813829422,1,1,0.08977358043193817
train_0478,train,0,0.011165146715939045,0,1,0.011227940209209919
train_0929,train,1,0.9561108946800232,1,1,0.04488137364387512
train_0678,train,0,0.016992954537272453,0,1,0.01713896356523037
train_1165,train,1,0.9983024597167969,1,1,0.0016989826690405607
train_0804,train,1,0.9993669390678406,1,1,0.0006332613993436098
train_0894,train,1,0.9401770234107971,1,1,0.06168709695339203
train_0513,train,0,0.009483827278017998,0,1,0.009529071860015392
train_0816,train,0,1.3457140084938146e-05,0,1,1.3470740668708459e-05
train_0866,train,0,0.00013884900545235723,0,1,0.00013882885104976594
train_0658,train,1,0.9960088729858398,1,1,0.003999112639576197
train_0096,train,1,0.9965460896492004,1,1,0.0034598889760673046
train_0779,train,1,0.9992772936820984,1,1,0.000722967553883791
train_0221,train,0,0.0004265315947122872,0,1,0.00042662181658670306
train_0101,train,0,0.00023351804702542722,0,1,0.00023355826851911843
train_0993,train,0,0.01702488400042057,0,1,0.0171714648604393
train_0822,train,1,0.9999325275421143,1,1,6.747472798451781e-05
train_0296,train,0,0.019854821264743805,0,1,0.02005459927022457
train_0343,train,1,0.9902091026306152,1,1,0.009839142672717571
train_0386,train,1,0.9997668862342834,1,1,0.00023314094869419932
train_0109,train,1,0.9999606609344482,1,1,3.933984044124372e-05
train_0819,train,1,0.9963681697845459,1,1,0.003638441441580653
train_0991,train,0,0.003971083555370569,0,1,0.003979005850851536
train_0383,train,1,0.999515175819397,1,1,0.00048494176007807255
train_0326,train,0,0.010586085729300976,0,1,0.010642514564096928
train_0612,train,0,0.003581267548725009,0,1,0.00358771369792521
train_0059,train,0,0.02504194900393486,0,1,0.025360822677612305
train_0539,train,0,0.0007458042819052935,0,1,0.0007461112109012902
train_0520,train,0,0.003651523729786277,0,1,0.0036581826861947775
train_0362,train,0,0.0033181817270815372,0,1,0.003323707962408662
train_0834,train,0,0.000583731452934444,0,1,0.000583878718316555
train_0824,train,1,0.9920806288719177,1,1,0.007950895465910435
train_0080,train,1,0.9923442006111145,1,1,0.007685255259275436
train_0178,train,1,0.9999890327453613,1,1,1.0967314665322192e-05
train_0050,train,1,0.9915875792503357,1,1,0.008448004722595215
train_1117,train,1,0.9990798234939575,1,1,0.0009206001996062696
train_0945,train,0,0.028547780588269234,0,1,0.028963178396224976
train_0473,train,0,0.005632761865854263,0,1,0.005648681428283453
train_0350,train,0,0.007276428863406181,0,1,0.0073030185885727406
train_0304,train,0,0.011069920845329762,0,1,0.011131620965898037
train_1072,train,1,0.9913519620895386,1,1,0.008685649372637272
train_0827,train,0,0.0007766363560222089,0,1,0.0007769502699375153
train_0417,train,1,0.9830309152603149,1,1,0.017114710062742233
train_1024,train,0,0.0008020488312467933,0,1,0.0008023619302548468
train_0655,train,1,0.9993546605110168,1,1,0.0006455478142015636
train_1083,train,0,0.03132084384560585,0,1,0.03182185813784599
train_0241,train,0,0.00461469916626811,0,1,0.004625391215085983
train_0949,train,0,0.0003574345901142806,0,1,0.0003575129376258701
train_0209,train,0,0.007779295556247234,0,1,0.007809716742485762
train_0977,train,0,2.782035880954936e-05,0,1,2.7835756554850377e-05
train_1070,train,1,0.9978222846984863,1,1,0.0021800899412482977
train_0174,train,0,0.003855436574667692,0,1,0.0038628585170954466
train_1108,train,0,0.0070618921890854836,0,1,0.0070869517512619495
train_0626,train,0,0.017444323748350143,0,1,0.017598258331418037
train_1061,train,0,0.02509370818734169,0,1,0.02541395090520382
train_0566,train,0,8.248684753198177e-05,0,1,8.249623351730406e-05
train_1148,train,1,0.9762420654296875,1,1,0.02404470555484295
train_1156,train,0,0.0004981057718396187,0,1,0.0004982401733286679
train_0439,train,1,0.9936453104019165,1,1,0.006374966353178024
