sample_index_test,y_true,mlp_p_class1,oof_model_a_confound_only,oof_model_b_confound_plus_mlp
0,0,0.065538794,0.46773040294647217,0.14407381415367126
1,0,0.0005016283,0.3848074674606323,0.0957624539732933
2,0,0.00025790065,0.4192641079425812,0.07237502187490463
3,0,0.11280555,0.5316445827484131,0.13722997903823853
4,0,0.05104902,0.543505072593689,0.09249403327703476
5,0,4.056033e-05,0.19620755314826965,0.030690552666783333
6,0,1.3534879e-05,0.3573211431503296,0.05953257158398628
7,0,0.00013946934,0.5467424988746643,0.09939272701740265
8,0,0.0002501858,0.44677025079727173,0.06393135339021683
9,0,5.197454e-06,0.20150646567344666,0.04044529050588608
10,0,1.0645038e-05,0.4475179612636566,0.07074274122714996
11,0,0.0018445004,0.36685237288475037,0.05939579755067825
12,1,0.8217534,0.43813878297805786,0.8986892104148865
13,1,0.90303266,0.45279115438461304,0.9341527819633484
14,1,0.96268123,0.22055406868457794,0.9024796485900879
15,1,0.96324867,0.55744868516922,0.9805206656455994
16,1,0.9582198,0.441094309091568,0.9635686278343201
17,0,0.00024242255,0.725212574005127,0.10790829360485077
18,0,0.0011526342,0.37432175874710083,0.045606233179569244
19,0,0.016141782,0.6203843951225281,0.15520864725112915
20,0,0.0054166457,0.49308785796165466,0.0696062445640564
21,0,0.0008495382,0.4156762659549713,0.052429329603910446
22,0,0.0011206068,0.5684093832969666,0.06948480755090714
23,0,0.0042123543,0.5325330495834351,0.0545574352145195
24,0,0.00043624247,0.46525225043296814,0.05751188471913338
25,0,0.00591775,0.3636218309402466,0.06223137304186821
26,1,0.99963605,0.327877938747406,0.9502406120300293
27,1,0.7899207,0.2658860385417938,0.8308318257331848
28,1,0.9286461,0.3292543888092041,0.9298355579376221
29,1,0.9909285,0.45744338631629944,0.9604975581169128
30,1,0.95009726,0.38390323519706726,0.9549852013587952
31,1,0.02174736,0.32083645462989807,0.06108416989445686
32,1,0.556136,0.16144515573978424,0.5579268336296082
33,1,0.89720887,0.3203212320804596,0.9115400910377502
34,1,0.7096185,0.22475013136863708,0.6926156878471375
35,0,0.010062471,0.10806619375944138,0.02523961290717125
36,0,0.0007365289,0.07252246141433716,0.04288632795214653
37,0,0.014239389,0.06055609509348869,0.018226556479930878
38,0,0.14351435,0.10030956566333771,0.0476541668176651
39,0,0.012212762,0.14456051588058472,0.03866760432720184
40,0,0.09554264,0.14240655303001404,0.0578237809240818
41,0,0.033531103,0.22813914716243744,0.05139468237757683
42,1,0.8932634,0.233145609498024,0.9149096608161926
43,1,0.98364073,0.268902063369751,0.9632994532585144
44,1,0.32139474,0.23164816200733185,0.10093432664871216
45,1,0.43437868,0.14637112617492676,0.40589067339897156
46,1,0.9589988,0.3412691056728363,0.939655601978302
47,1,0.99961936,0.5391114354133606,0.9656577706336975
48,1,0.9954987,0.24886807799339294,0.9368165135383606
49,1,0.9942054,0.543323278427124,0.9546078443527222
50,1,0.957843,0.32184720039367676,0.9415721893310547
51,1,0.29153022,0.24086317420005798,0.21931955218315125
52,1,0.9989135,0.31481003761291504,0.9540984034538269
53,0,0.013366231,0.35825222730636597,0.13807448744773865
54,0,2.2993196e-05,0.17719565331935883,0.08304373919963837
55,0,0.00022429317,0.2450554519891739,0.12326296418905258
56,0,0.0061626215,0.3048993647098541,0.06229860708117485
57,0,0.0012605517,0.4301069378852844,0.14364904165267944
58,0,0.022475416,0.3635389804840088,0.1166984811425209
59,0,0.011662048,0.5680079460144043,0.09234724193811417
60,0,0.00045549043,0.3899390697479248,0.1713106483221054
61,1,0.9999871,0.6719640493392944,0.9809170961380005
62,1,0.99363756,0.7366890907287598,0.9833231568336487
63,1,0.99996114,0.8769955635070801,0.9854835271835327
64,1,0.95798206,0.6654846668243408,0.9656071662902832
65,1,0.99988747,0.8094862699508667,0.987808346748352
66,1,0.9999224,0.7774466276168823,0.9903866052627563
67,1,0.9984914,0.7773289680480957,0.98604416847229
68,1,0.34138343,0.9366856217384338,0.6527829170227051
69,1,0.9999763,0.681376576423645,0.9856479167938232
70,1,0.99992824,0.7913282513618469,0.9881375432014465
71,0,0.12005899,0.18160219490528107,0.1248660609126091
72,0,0.9998078,0.5476979613304138,0.9675957560539246
73,0,0.11077184,0.36268818378448486,0.1377897560596466
74,0,0.037134986,0.23173297941684723,0.10142483562231064
75,1,0.9359839,0.7232020497322083,0.957360029220581
76,1,0.9945949,0.7157573103904724,0.979306697845459
77,1,0.98239326,0.6266459226608276,0.9812999367713928
78,1,0.75424355,0.7078401446342468,0.9325959086418152
79,1,0.9756128,0.7862734198570251,0.9828502535820007
80,0,0.029432952,0.2683127820491791,0.09843802452087402
81,0,0.008313191,0.19567245244979858,0.06685630977153778
82,0,0.0056078904,0.3433188796043396,0.08702655136585236
83,0,0.0010224739,0.10136835277080536,0.026429342105984688
84,0,0.008396947,0.45674604177474976,0.08648844063282013
85,0,0.006831421,0.22367344796657562,0.0643247440457344
86,0,0.05339521,0.1905876100063324,0.059958022087812424
87,0,0.0064124013,0.13170388340950012,0.08531098812818527
88,0,0.04990419,0.2061719298362732,0.07341952621936798
89,0,0.0025954428,0.25278520584106445,0.05067550763487816
90,1,0.9999964,0.7908227443695068,0.993066668510437
91,1,0.9999664,0.8367972373962402,0.9930585622787476
92,1,0.9999845,0.7332413196563721,0.9890230894088745
93,1,0.9999949,0.8179975152015686,0.992702841758728
94,1,0.9999913,0.8818471431732178,0.992182195186615
95,1,0.9990823,0.6774061918258667,0.9879183173179626
96,1,0.6882875,0.6368719935417175,0.8954344391822815
97,1,0.9893305,0.758517861366272,0.9847419261932373
98,0,0.00010899654,0.358899861574173,0.1342228353023529
99,0,1.0548503e-06,0.1408999115228653,0.02219451032578945
100,0,0.0003862083,0.3374985158443451,0.058721911162137985
101,0,6.204973e-05,0.1875280886888504,0.04635930061340332
102,0,0.0004805677,0.2413131296634674,0.08141843974590302
103,0,0.00012141816,0.37060078978538513,0.06338876485824585
104,0,0.00040737423,0.3107730448246002,0.07808618247509003
105,0,0.0015736357,0.4864122271537781,0.16534239053726196
106,0,0.0027700302,0.20510439574718475,0.11055097728967667
107,0,0.00017306328,0.2456098198890686,0.04703497886657715
108,1,0.99872977,0.11054286360740662,0.909186840057373
109,1,0.99962735,0.36391645669937134,0.9515119194984436
110,1,0.99993646,0.3862763047218323,0.9432530403137207
111,1,0.89088464,0.5365039706230164,0.9547381401062012
112,0,0.019279534,0.17946302890777588,0.03593263030052185
113,0,0.08859531,0.16386012732982635,0.042494937777519226
114,0,0.04808437,0.09933120757341385,0.03121485747396946
115,0,0.0038287973,0.1305391490459442,0.03155472129583359
116,0,0.117402606,0.2333011031150818,0.0632031112909317
117,0,0.18337673,0.19092735648155212,0.09004803746938705
118,0,0.10787551,0.23568913340568542,0.07635220885276794
119,0,0.0035785607,0.20942756533622742,0.039332080632448196
120,0,0.0030729442,0.15455934405326843,0.029886333271861076
121,0,0.0056782155,0.03160787746310234,0.023782847449183464
122,0,0.0015025567,0.15556253492832184,0.02890881337225437
123,0,0.0028341087,0.15322671830654144,0.042556677013635635
124,0,0.0004242213,0.18624809384346008,0.05065261200070381
125,0,0.005529918,0.31118738651275635,0.060318972915410995
126,0,0.006025663,0.30598291754722595,0.08497893065214157
127,0,0.020297894,0.0752904936671257,0.049875084310770035
128,0,0.1248674,0.252630352973938,0.07080651074647903
129,0,0.0072007147,0.2564608156681061,0.05324772745370865
130,0,0.002050314,0.07583837956190109,0.03974059969186783
131,0,0.0025049902,0.08588667958974838,0.035363033413887024
132,0,0.007864166,0.14799688756465912,0.026116173714399338
133,0,0.35620016,0.3627089262008667,0.30122536420822144
134,0,0.12187131,0.2239203006029129,0.08061466366052628
135,1,0.959561,0.4176444709300995,0.9424576163291931
136,1,0.76808745,0.25668570399284363,0.8035836219787598
137,1,0.9962411,0.3655436933040619,0.945528507232666
138,1,0.9995116,0.4343716502189636,0.9568774700164795
139,1,0.9676499,0.2971303462982178,0.9526483416557312
140,1,0.83407265,0.2554384469985962,0.9131495356559753
141,1,0.40196687,0.3802514374256134,0.43308523297309875
142,1,0.021437662,0.14936479926109314,0.030833426862955093
143,1,0.9237548,0.47628524899482727,0.9462853670120239
144,0,0.0034671018,0.4154614508152008,0.06553106755018234
145,0,0.010100046,0.37802937626838684,0.03922620415687561
146,0,0.06675921,0.5205735564231873,0.09930268675088882
147,0,0.002204857,0.42508065700531006,0.0671195462346077
148,0,0.004513677,0.3575064241886139,0.04488743841648102
149,0,0.0023643465,0.38253381848335266,0.06448913365602493
150,0,0.03768615,0.36500659584999084,0.06377188116312027
151,0,0.07407517,0.4792901575565338,0.11919473856687546
152,0,0.0022586382,0.38564780354499817,0.057663287967443466
153,0,0.0023491415,0.3064206540584564,0.04042867571115494
154,0,0.008906765,0.274819552898407,0.05906025692820549
155,0,0.0042236946,0.5067453980445862,0.06983915716409683
156,0,0.00087579305,0.2690503001213074,0.03475739061832428
157,0,0.00047398263,0.2950748801231384,0.060287199914455414
158,0,0.0007055706,0.4065221846103668,0.06406062841415405
159,0,0.00426308,0.46814438700675964,0.04889726638793945
160,0,0.014575503,0.43735089898109436,0.06997466832399368
161,1,0.987237,0.3798411190509796,0.9576706886291504
162,1,0.9985927,0.4771857261657715,0.9571313261985779
163,1,0.80505496,0.35519489645957947,0.8500290513038635
164,1,0.95132285,0.5398051738739014,0.9636372923851013
165,1,0.9942967,0.469769686460495,0.9709376692771912
166,1,0.9915656,0.5382047295570374,0.9740242958068848
167,1,0.999589,0.6740509867668152,0.9687879681587219
168,1,0.9978067,0.6273008584976196,0.9678374528884888
169,1,0.9797402,0.39904138445854187,0.9595445394515991
170,0,0.06839792,0.36678099632263184,0.08993761986494064
171,0,0.0099181635,0.4643628001213074,0.030717333778738976
172,0,0.43673024,0.3335653841495514,0.3858579695224762
173,0,0.08483584,0.3194402754306793,0.05952320247888565
174,0,0.0127986185,0.2414342761039734,0.043867435306310654
175,0,0.0092341555,0.25261399149894714,0.056574925780296326
176,0,0.002128984,0.3773149847984314,0.05615121126174927
177,1,0.9999815,0.777927815914154,0.9616641402244568
178,1,0.9999939,0.7830995917320251,0.965816080570221
179,1,0.99999845,0.8941514492034912,0.9870700836181641
180,1,0.9999999,0.7680297493934631,0.9853752851486206
181,1,1.0,0.977035403251648,0.9936599135398865
182,1,0.9999999,0.8759670257568359,0.9810433983802795
183,1,0.9999976,0.9522212147712708,0.9950460195541382
184,1,0.99852717,0.8632012009620667,0.9831538796424866
185,1,0.022915311,0.653725266456604,0.10042203962802887
186,1,0.9999809,0.42887184023857117,0.9230494499206543
187,1,0.9988789,0.8035151362419128,0.9809668064117432
188,1,0.99999046,0.8140801787376404,0.9858490228652954
189,1,0.9999373,0.6893376111984253,0.9707985520362854
190,1,0.99999094,0.6864422559738159,0.9729640483856201
191,0,0.0047452785,0.34356528520584106,0.0653013065457344
192,0,0.0017363433,0.2988876700401306,0.054222311824560165
193,0,0.0027761038,0.46018239855766296,0.07140305638313293
194,0,0.0023500412,0.5498741865158081,0.09956789761781693
195,0,0.008760621,0.5307552218437195,0.07422075420618057
196,0,0.24994631,0.7167715430259705,0.4481112062931061
197,0,0.003944431,0.5433657169342041,0.09917838871479034
198,0,0.0010216584,0.5657596588134766,0.09499706327915192
199,0,0.00116008,0.4699609875679016,0.07653557509183884
200,0,0.0010024103,0.48715102672576904,0.08806723356246948
201,0,0.00014716631,0.419310063123703,0.07296252995729446
202,0,0.006087312,0.579479992389679,0.10239549726247787
203,0,1.3864621e-05,0.3743347227573395,0.08503396809101105
204,0,0.0025680803,0.588066041469574,0.08398615568876266
205,0,0.010388927,0.5329295992851257,0.08237279206514359
206,0,0.00075412,0.42973753809928894,0.0737694799900055
207,0,0.00060718437,0.32687345147132874,0.06694670766592026
208,0,0.003482289,0.4839974641799927,0.08475366979837418
209,0,0.0007514624,0.45969852805137634,0.09283672273159027
210,0,0.00056415156,0.4190220534801483,0.07616260647773743
211,0,0.00089952745,0.4281098544597626,0.060994770377874374
212,0,0.00055836554,0.47642645239830017,0.07805856317281723
213,0,0.0005708237,0.4472379684448242,0.08724240958690643
214,0,0.00019181959,0.42970964312553406,0.09022363275289536
215,0,0.00013309155,0.4288271963596344,0.08130872994661331
216,0,6.2599785e-05,0.3903375267982483,0.06247389689087868
217,0,4.6573336e-05,0.42295172810554504,0.0719316229224205
218,0,0.00039575927,0.5017539858818054,0.07819276303052902
219,0,0.00012953432,0.36442819237709045,0.05543791875243187
220,0,0.0043931413,0.28431177139282227,0.05063135549426079
221,0,0.0002771346,0.4992198050022125,0.08547580987215042
222,1,0.99618477,0.8247124552726746,0.9645212292671204
223,1,0.756553,0.6125691533088684,0.8679892420768738
224,1,0.99673706,0.7153002023696899,0.9631074666976929
225,1,0.9994023,0.7406054139137268,0.9658750891685486
226,1,0.9995937,0.8240354657173157,0.9825884103775024
227,1,0.98284113,0.46446871757507324,0.9362286925315857
228,1,0.98436767,0.5908895134925842,0.968353271484375
229,1,0.9160772,0.5284134149551392,0.9332054257392883
230,1,0.9990264,0.6944114565849304,0.9734532833099365
231,1,0.99714905,0.7095775604248047,0.9554161429405212
232,1,0.19098108,0.34641915559768677,0.15507975220680237
233,1,0.9939401,0.6552809476852417,0.9626064300537109
234,1,0.95282465,0.728922426700592,0.9584604501724243
235,1,0.020892024,0.43098005652427673,0.036188069730997086
236,1,0.948488,0.7249206900596619,0.9365883469581604
237,1,0.99850994,0.7327297329902649,0.9661086201667786
238,1,0.99994457,0.4948091208934784,0.9576049447059631
239,0,1.2475077e-05,0.16751238703727722,0.04017392918467522
240,0,0.11503412,0.22924143075942993,0.060815583914518356
241,0,0.023234343,0.178298681974411,0.04243152588605881
242,0,0.793904,0.19007578492164612,0.7912524342536926
243,0,0.032697406,0.08261637389659882,0.04013346880674362
244,0,0.00015295841,0.11027266085147858,0.038679089397192
245,0,2.3553517e-05,0.22098851203918457,0.053476668894290924
246,0,0.00023951076,0.25339624285697937,0.047425251454114914
247,0,0.04914368,0.09786427021026611,0.043876923620700836
248,0,0.0048410953,0.22199049592018127,0.051287077367305756
249,0,4.8104892e-05,0.23395808041095734,0.07157373428344727
250,0,0.000241921,0.2490769922733307,0.05013386160135269
251,0,0.00035542285,0.16880357265472412,0.05344978719949722
252,0,0.0033809606,0.25229576230049133,0.07295631617307663
253,0,3.0793021e-06,0.1056070625782013,0.03795965760946274
254,0,2.2119993e-05,0.12424339354038239,0.03530346602201462
255,0,0.08072279,0.17461274564266205,0.05144421383738518
256,0,0.00062269147,0.26351505517959595,0.05140409618616104
257,0,0.00077458675,0.14534203708171844,0.04215529188513756
258,0,0.042658348,0.14019030332565308,0.042470842599868774
259,0,1.1870582e-05,0.184989795088768,0.059928640723228455
260,0,0.0017117677,0.16207177937030792,0.04024037718772888
261,0,0.01601977,0.2143767774105072,0.045455873012542725
262,0,0.0037025148,0.028769411146640778,0.013273600488901138
263,0,1.9046387e-05,0.18259048461914062,0.04625840112566948
264,0,0.0015148909,0.10729295760393143,0.03799566254019737
265,0,0.021657718,0.20131492614746094,0.08208608627319336
266,0,0.00014410217,0.12732002139091492,0.03195003420114517
267,0,0.0005921386,0.11934797465801239,0.04341685026884079
268,0,0.0041501382,0.08389612287282944,0.025820918381214142
269,0,0.0002907482,0.1334739327430725,0.03534439578652382
270,0,0.00081498345,0.11421122401952744,0.029304927214980125
271,0,0.0067184595,0.15501445531845093,0.030862931162118912
272,1,0.36207086,0.22562666237354279,0.28601065278053284
273,1,0.9994466,0.19818797707557678,0.9224534630775452
274,1,0.9963168,0.6321164965629578,0.9673153162002563
275,1,0.99997556,0.4913671314716339,0.9478380084037781
276,1,0.2773824,0.48662588000297546,0.29881495237350464
277,1,0.7915859,0.4507145881652832,0.8363644480705261
278,1,0.50795555,0.2936267852783203,0.4658564329147339
279,1,0.9319317,0.16178278625011444,0.9118331670761108
280,1,0.050983146,0.1867627501487732,0.028492825105786324
281,1,0.9796805,0.263492226600647,0.9097227454185486
282,1,0.99551105,0.27284830808639526,0.9287870526313782
283,1,0.996582,0.49168601632118225,0.9519968628883362
284,1,0.8608103,0.2714937925338745,0.8701783418655396
285,1,0.9947555,0.43889835476875305,0.9543966054916382
286,1,0.9991992,0.44759276509284973,0.9591249227523804
287,1,0.9492285,0.3772870898246765,0.9361787438392639
288,0,0.003003185,0.49507007002830505,0.0720851942896843
289,0,0.0117878765,0.5075609683990479,0.09692375361919403
290,0,0.030939827,0.4471338391304016,0.08225040137767792
291,0,0.012594735,0.4618951082229614,0.0824752226471901
292,0,0.0049724886,0.34594839811325073,0.05907487869262695
293,0,0.016855018,0.3133390247821808,0.0670599713921547
294,0,0.002902785,0.5081309676170349,0.08819326013326645
295,0,0.07282373,0.5981918573379517,0.14389938116073608
296,0,0.01175089,0.44209548830986023,0.06866161525249481
297,0,0.0032611599,0.5153042078018188,0.09612596035003662
298,0,0.0020464766,0.4138789474964142,0.07266229391098022
299,0,0.0042772503,0.5328884720802307,0.07192754745483398
300,0,0.00857768,0.5850585699081421,0.10435459017753601
301,0,0.0074221985,0.5782516598701477,0.10015185177326202
302,0,0.0016915277,0.4864301085472107,0.08505884557962418
303,0,0.012144743,0.30527177453041077,0.07521922886371613
304,0,0.02215544,0.2700996994972229,0.051506537944078445
305,0,0.0043355245,0.47029316425323486,0.04630009084939957
306,0,0.00010825995,0.3980388641357422,0.07388900965452194
307,1,0.9999926,0.7146962285041809,0.9821597933769226
308,1,0.9979656,0.8167295455932617,0.9922677874565125
309,1,0.9814543,0.4956567585468292,0.9743602275848389
310,1,0.0054705245,0.44806087017059326,0.05349130183458328
311,1,0.9960609,0.8919660449028015,0.9891266226768494
312,1,0.9997404,0.7225897312164307,0.9860736131668091
313,1,0.9963321,0.7969521284103394,0.9910219311714172
314,1,0.99711716,0.7722067832946777,0.9888190627098083
315,1,0.020137187,0.8124909400939941,0.13003550469875336
316,1,0.783182,0.8236891627311707,0.9719798564910889
317,1,0.8480306,0.8122614026069641,0.9599643349647522
318,1,0.999782,0.8487975597381592,0.9874748587608337
319,1,0.9981933,0.8456206917762756,0.9919754862785339
320,1,0.75249875,0.6938738822937012,0.9373563528060913
321,1,0.9992495,0.5970472097396851,0.981886625289917
322,1,0.8112497,0.7653577327728271,0.9617528915405273
323,1,0.9806213,0.5914552807807922,0.9900392889976501
324,1,0.18747564,0.49950534105300903,0.303493469953537
325,1,0.9981055,0.5846556425094604,0.9851721525192261
326,0,0.0040549175,0.11377552151679993,0.028029847890138626
327,0,0.040555686,0.33864647150039673,0.10159528255462646
328,0,0.023523392,0.31785091757774353,0.11567986756563187
329,0,0.011606964,0.13622716069221497,0.03316349908709526
330,0,0.04361831,0.3415655791759491,0.1085052415728569
331,0,0.0032903606,0.3550477921962738,0.09101536870002747
332,0,0.3068702,0.41893270611763,0.43709278106689453
333,0,0.13910192,0.45852547883987427,0.2388596385717392
334,0,0.031516444,0.22772793471813202,0.061421483755111694
335,0,0.04793783,0.21824608743190765,0.07319902628660202
336,0,0.15881315,0.3353947103023529,0.1261872500181198
337,0,0.7153433,0.428369402885437,0.8675861358642578
338,0,0.08644193,0.5099310874938965,0.1481322944164276
339,0,7.776766e-05,0.25509023666381836,0.06618732213973999
340,0,0.00035506385,0.2681526243686676,0.07249528169631958
341,1,0.979957,0.6769418716430664,0.9741795063018799
342,1,0.9969132,0.496155709028244,0.9666160345077515
343,1,0.05630223,0.6888160109519958,0.1872653067111969
344,1,0.03616499,0.7362394332885742,0.147422194480896
345,1,0.98865706,0.7137851119041443,0.976639449596405
346,1,0.97066015,0.5501939654350281,0.9688471555709839
347,1,0.8037469,0.6327606439590454,0.9371829032897949
348,1,0.78531384,0.6873072981834412,0.9485116004943848
349,0,0.003936946,0.8406929969787598,0.10403009504079819
350,0,0.0041980515,0.8950117826461792,0.12216702848672867
351,0,0.00769328,0.8900173306465149,0.11593740433454514
352,0,0.00242938,0.9053041338920593,0.22899667918682098
353,0,0.008211265,0.6852434873580933,0.09090498834848404
354,0,0.0051036323,0.6841539740562439,0.08329515904188156
355,1,0.99936527,0.7860227227210999,0.9731329083442688
356,1,0.990932,0.3455774486064911,0.9316254258155823
357,1,0.99462646,0.4562985599040985,0.9655656218528748
358,1,0.99593735,0.8967312574386597,0.9809695482254028
359,0,0.0020645405,0.5455558896064758,0.10440398752689362
360,0,0.008241806,0.5409591197967529,0.09254088997840881
361,0,0.005688757,0.6273856163024902,0.13140462338924408
362,0,0.0013027107,0.5201292037963867,0.12418489158153534
363,0,0.009364924,0.5477071404457092,0.11817509680986404
364,0,0.012026128,0.6654233932495117,0.14816579222679138
365,0,0.027109215,0.5884977579116821,0.1450566053390503
366,0,0.00486851,0.5879756212234497,0.10071097314357758
367,0,0.0638293,0.5297901630401611,0.12230382114648819
368,0,0.04001883,0.5386682748794556,0.1302396059036255
369,0,0.0075794715,0.501900315284729,0.09030639380216599
370,0,0.0003565912,0.47683200240135193,0.10005119442939758
371,0,0.0003597037,0.36450234055519104,0.07249654829502106
372,0,0.0001159314,0.3757147789001465,0.05839499458670616
373,0,0.00018836196,0.39629724621772766,0.05553745478391647
374,0,0.010611682,0.35785189270973206,0.0638759508728981
375,0,0.00021797359,0.48211365938186646,0.0920792743563652
376,0,0.0017110734,0.5385549664497375,0.11823587119579315
377,1,0.9999999,0.6704075932502747,0.9875110387802124
378,1,0.9999932,0.7428424954414368,0.9743466377258301
379,1,0.99992454,0.8872207999229431,0.9930765628814697
380,1,0.99997306,0.6719353795051575,0.9844018816947937
381,1,0.9997229,0.8463015556335449,0.9897199273109436
382,1,0.99975055,0.648462176322937,0.9734711050987244
383,1,0.9999906,0.5898479223251343,0.982422947883606
384,1,0.99940825,0.6779512763023376,0.9866170883178711
385,1,0.99993813,0.7467169761657715,0.9868106842041016
386,1,0.9997594,0.8160868883132935,0.990827739238739
387,1,0.9999888,0.7176187038421631,0.9888758063316345
388,1,0.9999639,0.7423287034034729,0.9890536665916443
389,1,0.9999994,0.65427565574646,0.9642443656921387
390,1,0.999995,0.7809689044952393,0.9846650958061218
391,1,0.99901986,0.7050684094429016,0.9868055582046509
392,1,0.999933,0.9211531281471252,0.9929367899894714
393,1,0.9916917,0.7974720001220703,0.9918374419212341
394,1,0.9998186,0.538931131362915,0.9846999645233154
395,0,0.1635994,0.7177166938781738,0.291407972574234
396,0,0.037728578,0.6441889405250549,0.1647040992975235
397,0,0.09318524,0.6508913040161133,0.18827369809150696
398,0,0.07010759,0.5972592234611511,0.16534219682216644
399,0,0.027999084,0.52143794298172,0.13111352920532227
400,0,0.12164215,0.6698728203773499,0.24382035434246063
401,0,0.058529604,0.624009907245636,0.1924050748348236
402,0,0.020220356,0.691936194896698,0.15194711089134216
403,0,0.096778296,0.6183974146842957,0.19921483099460602
404,0,0.02337437,0.5943557024002075,0.14553190767765045
405,0,0.006773465,0.45991960167884827,0.061788562685251236
406,0,0.0019861958,0.6230567693710327,0.11941751092672348
407,0,0.028287174,0.5996058583259583,0.14730273187160492
408,0,0.005094938,0.6981557607650757,0.11753520369529724
409,0,0.059862733,0.7949131727218628,0.23988847434520721
410,1,0.9195666,0.8203510046005249,0.9574466943740845
411,1,0.99708205,0.8295930624008179,0.9847331643104553
412,1,0.99831945,0.7693926692008972,0.9829496145248413
413,1,0.9955928,0.7539573311805725,0.9774734973907471
414,1,0.52961713,0.788131594657898,0.5984914898872375
415,1,0.9974605,0.6303927898406982,0.9631730318069458
416,1,0.99924374,0.6699957251548767,0.9503639340400696
417,1,0.9955006,0.5515632629394531,0.9703190326690674
418,1,0.9991123,0.7448325157165527,0.9794667959213257
419,1,0.99858886,0.8411338925361633,0.976341962814331
420,1,0.99997354,0.7221788167953491,0.9690980911254883
421,1,0.00011771113,0.3836725056171417,0.07349944859743118
422,1,0.9999224,0.8437139391899109,0.9801436066627502
423,1,0.99994385,0.784118115901947,0.9755356907844543
424,1,0.3726963,0.19439756870269775,0.16336306929588318
425,0,0.20507208,0.3607312738895416,0.18040376901626587
426,0,0.006024767,0.24889494478702545,0.04181889072060585
427,0,0.0074689277,0.27463164925575256,0.04939728230237961
428,0,0.009241471,0.17348161339759827,0.03611799329519272
429,0,0.0019232238,0.16437417268753052,0.017046507447957993
430,0,0.0038407666,0.2982117235660553,0.05237075313925743
431,0,0.044244137,0.44415852427482605,0.07290589064359665
432,0,0.09593201,0.18373090028762817,0.08229326456785202
433,0,0.009826037,0.3408154547214508,0.058942388743162155
434,0,0.021727704,0.2222684770822525,0.045391932129859924
435,0,0.027731786,0.22161690890789032,0.05807524174451828
436,0,0.0062146424,0.540566623210907,0.0647425502538681
437,0,0.009725283,0.44346219301223755,0.08143896609544754
438,1,0.9101432,0.3925640285015106,0.9423333406448364
439,1,0.9995454,0.5032466053962708,0.9615068435668945
440,1,0.8762722,0.5616717338562012,0.9419971704483032
441,1,0.9884354,0.7636250853538513,0.9751902222633362
442,1,0.9989802,0.6748294234275818,0.9736660122871399
443,1,0.95157623,0.6793370842933655,0.9724564552307129
444,1,0.9998196,0.5786221623420715,0.9692756533622742
445,1,0.9906805,0.7270422577857971,0.97272127866745
446,1,0.9992884,0.5420109629631042,0.9694876074790955
447,1,0.31201425,0.5284824967384338,0.3829929232597351
448,1,0.07143963,0.404159277677536,0.1066853404045105
449,0,0.26119334,0.18092718720436096,0.09954612702131271
450,0,0.00758147,0.21556910872459412,0.03596286103129387
451,0,0.0046543037,0.26880934834480286,0.03752587363123894
452,0,0.015240411,0.21332783997058868,0.03475705161690712
453,0,0.019852914,0.5511049628257751,0.046541646122932434
454,0,0.00046952695,0.37966400384902954,0.043872591108083725
455,0,0.017919678,0.3564976453781128,0.0343552865087986
456,0,0.01171012,0.3280394673347473,0.03687313571572304
457,0,0.0013338584,0.4245527684688568,0.04558350518345833
458,0,0.0031024136,0.32883813977241516,0.04380728304386139
459,0,0.0058340314,0.4251905381679535,0.023364046588540077
460,0,0.009181952,0.5432927012443542,0.03648835048079491
461,0,0.002397869,0.5352716445922852,0.06117700785398483
462,0,0.0016285946,0.49104198813438416,0.03816290572285652
463,0,0.002736692,0.5037144422531128,0.05503036454319954
464,0,0.0321066,0.5160694122314453,0.0708514004945755
465,0,0.0032624544,0.5344460606575012,0.03941502422094345
466,0,0.011707373,0.4696173667907715,0.052677638828754425
467,0,0.008520728,0.3024032711982727,0.053695641458034515
468,0,0.10609145,0.4275306463241577,0.1323315054178238
469,0,0.010665213,0.6096515655517578,0.0690821185708046
470,0,0.0030490886,0.5912351012229919,0.04126197099685669
471,0,0.0013695505,0.6999292373657227,0.062215015292167664
472,0,0.0027405065,0.6823440194129944,0.04344789683818817
473,0,0.010171459,0.7732975482940674,0.10386509448289871
474,0,0.012547082,0.6311174035072327,0.06513935327529907
475,0,0.09802109,0.4751666486263275,0.09092932939529419
476,0,0.48543343,0.661460816860199,0.6509605646133423
477,0,0.26137516,0.5580147504806519,0.2624281644821167
478,0,0.012508598,0.5476718544960022,0.08741813898086548
479,0,0.013646702,0.42957448959350586,0.0528753325343132
480,0,0.014269648,0.44791436195373535,0.042905427515506744
481,0,0.029997783,0.6571718454360962,0.07936857640743256
482,0,0.018319959,0.6066668629646301,0.06793059408664703
483,0,0.054433856,0.5045530200004578,0.09759492427110672
484,0,0.21179348,0.5943737030029297,0.22673708200454712
485,1,0.9966053,0.7611815929412842,0.9855321049690247
486,1,0.98110425,0.7794986963272095,0.9838846325874329
487,1,0.9995826,0.7211140990257263,0.9733691215515137
488,1,0.9893952,0.6221334338188171,0.9669262170791626
489,1,0.9695935,0.7131571769714355,0.970203697681427
490,1,0.95584744,0.6237596273422241,0.9799031615257263
491,1,0.90984756,0.6995342969894409,0.9741753935813904
492,1,0.96527004,0.5243207216262817,0.9638316035270691
493,1,0.952071,0.7924315333366394,0.974653422832489
494,1,0.9797602,0.7237699031829834,0.9834613800048828
495,1,0.80873525,0.7854676842689514,0.9583902955055237
496,1,0.86402625,0.8070446252822876,0.9628515243530273
497,1,0.6764324,0.6334080696105957,0.8333179950714111
498,1,0.9784444,0.8902894258499146,0.9645703434944153
499,0,0.006454319,0.6129122972488403,0.08009698987007141
500,0,0.0066513284,0.4902573823928833,0.07990522682666779
501,0,0.013728051,0.4097064137458801,0.07337519526481628
502,0,0.009293114,0.38596001267433167,0.06495838612318039
503,0,0.010736616,0.3790474832057953,0.06264297664165497
504,0,0.0066634123,0.5778000354766846,0.07386784255504608
505,0,0.001843249,0.48164018988609314,0.05808233842253685
506,0,0.0004503982,0.5058060884475708,0.08216401934623718
507,0,0.011682467,0.49173209071159363,0.07366054505109787
508,0,0.36947948,0.31385886669158936,0.32002753019332886
509,0,0.27873805,0.33838391304016113,0.20300208032131195
510,0,0.35488227,0.5216245651245117,0.42481809854507446
511,0,0.0018141642,0.28710514307022095,0.04642779007554054
512,0,0.00055670826,0.4208400547504425,0.08166518807411194
513,0,0.003919522,0.2932172119617462,0.07641604542732239
514,0,0.00014698764,0.2806355357170105,0.08299520611763
515,0,0.0834835,0.4055050015449524,0.14327198266983032
516,0,0.0027670786,0.38556960225105286,0.10145142674446106
517,0,0.0006016246,0.41786134243011475,0.07301279157400131
518,0,0.060934544,0.7703030109405518,0.2157241255044937
519,0,0.00048756442,0.3964995741844177,0.12082567811012268
520,0,0.002990879,0.4927738904953003,0.1286822110414505
521,0,0.022347799,0.6973711848258972,0.08293488621711731
522,0,0.0041665863,0.6574483513832092,0.13686032593250275
523,1,0.9731564,0.7043328285217285,0.9587888121604919
524,1,0.9995328,0.818965494632721,0.9796332120895386
525,1,0.99954814,0.9051463603973389,0.9878159165382385
526,1,0.99924123,0.708558201789856,0.9648213386535645
527,1,0.9999217,0.7997989654541016,0.9712905287742615
528,1,0.995059,0.8774631023406982,0.989379346370697
529,1,0.9994646,0.8625425100326538,0.9878787398338318
530,1,0.9921634,0.7292094230651855,0.9670349955558777
531,1,0.98908126,0.8488973379135132,0.9837054014205933
532,1,0.9997166,0.785777747631073,0.9851096868515015
533,1,0.99922717,0.7744501829147339,0.9812226891517639
534,1,0.9962936,0.7086643576622009,0.9656747579574585
535,0,0.00055219256,0.41508787870407104,0.06519649922847748
536,0,0.00015357163,0.2305939644575119,0.061588484793901443
537,0,0.02803778,0.11946708709001541,0.05714179947972298
538,0,0.00044801313,0.40911665558815,0.05968458205461502
539,0,0.0005676197,0.4102292060852051,0.05971507728099823
540,0,0.00017148028,0.3221193850040436,0.05347045138478279
541,0,0.0038940052,0.31331294775009155,0.04874637722969055
542,0,0.00010194091,0.4766344428062439,0.12503768503665924
543,0,0.0006004122,0.207034170627594,0.035921428352594376
544,0,0.004509003,0.5341374278068542,0.06289397925138474
545,0,0.03523055,0.6504665613174438,0.10750018060207367
546,0,0.002570302,0.5881994366645813,0.10408782213926315
547,0,0.00067273516,0.4920976758003235,0.08630833029747009
548,0,0.002324573,0.3375832736492157,0.0581955686211586
549,0,0.00021680517,0.36314526200294495,0.11087515205144882
550,0,0.00017489285,0.35051652789115906,0.05069573596119881
551,0,0.00033923727,0.5213897824287415,0.0921432375907898
552,0,0.0002905733,0.2707274854183197,0.06779494881629944
553,0,0.00441664,0.27003014087677,0.08526837825775146
554,0,0.0004033116,0.5227560997009277,0.07920696586370468
555,0,2.786425e-05,0.5065913200378418,0.08836530148983002
556,0,0.00014168913,0.22038023173809052,0.05249578878283501
557,0,0.000173687,0.3006536364555359,0.07171478867530823
558,0,7.661055e-06,0.2448570281267166,0.034687407314777374
559,0,0.00022085637,0.2465618997812271,0.06142433360219002
560,0,0.00020008425,0.43028998374938965,0.06433262676000595
561,0,9.265126e-05,0.148569256067276,0.029448121786117554
562,0,5.1792285e-05,0.18557289242744446,0.044941261410713196
563,0,6.5817903e-06,0.33981674909591675,0.09849988669157028
564,0,0.00020374359,0.20792050659656525,0.050760313868522644
565,0,0.0008657855,0.12563444674015045,0.040214382112026215
566,0,0.00025550337,0.24900275468826294,0.05619486793875694
567,0,0.00087073236,0.4505248963832855,0.06537262350320816
568,0,0.000518547,0.24207472801208496,0.08369221538305283
569,0,0.003532642,0.21970832347869873,0.07142037153244019
570,0,0.00023723594,0.17326155304908752,0.029761729761958122
571,0,0.00017933174,0.37374913692474365,0.1167203038930893
572,0,0.0011662546,0.4215410649776459,0.10616015642881393
573,0,0.00013229213,0.2796798050403595,0.03499070927500725
574,0,8.7814544e-05,0.3629075586795807,0.06358347088098526
575,0,0.028135283,0.3013923764228821,0.04206729307770729
576,1,0.9551087,0.39453455805778503,0.9648140072822571
577,1,0.8334084,0.5793421864509583,0.9179898500442505
578,1,0.9991573,0.30493611097335815,0.9522786140441895
579,1,0.9999263,0.4984205365180969,0.9608190059661865
580,1,0.99810445,0.48637115955352783,0.9777177572250366
581,1,0.9996947,0.5960964560508728,0.9640886783599854
582,1,0.95386726,0.8443186283111572,0.9823570251464844
583,1,0.92747766,0.5879868865013123,0.9578948616981506
584,1,0.9911078,0.4603176414966583,0.9444963932037354
585,1,0.99122673,0.6045917868614197,0.977121889591217
586,1,0.9999387,0.5456154346466064,0.970431387424469
587,1,0.8338618,0.3728228211402893,0.8865399956703186
588,1,0.9560387,0.36569881439208984,0.9575738310813904
589,1,0.81415653,0.5686476230621338,0.894984781742096
590,1,0.99364567,0.6304271817207336,0.9837123155593872
591,1,0.9993001,0.5014032125473022,0.9694203734397888
592,1,0.99884474,0.5513585805892944,0.9691559672355652
593,1,0.9981006,0.28016573190689087,0.9494903087615967
594,0,0.047866017,0.4246427118778229,0.08505307883024216
595,0,0.0050904904,0.4431720972061157,0.0635947585105896
596,0,0.025921334,0.45330899953842163,0.05439837649464607
597,0,0.060680203,0.48422011733055115,0.0629197210073471
598,0,0.36844608,0.44464111328125,0.389615535736084
599,0,0.007873056,0.5064197778701782,0.049616582691669464
600,0,0.48884344,0.29387786984443665,0.3967328369617462
601,0,0.069013596,0.25554555654525757,0.07468286156654358
602,0,0.021068605,0.33609217405319214,0.04100247845053673
603,0,0.00537631,0.6360809803009033,0.07910366356372833
604,0,0.010096414,0.44667497277259827,0.04791320487856865
605,0,0.018660441,0.42017361521720886,0.07195796817541122
606,0,0.036310382,0.511867105960846,0.07795123010873795
607,0,0.0016799137,0.5362253189086914,0.05707336962223053
608,0,0.024757447,0.42711445689201355,0.06887460500001907
609,0,0.0012705324,0.4461919069290161,0.043604325503110886
610,0,0.0021354582,0.3183761537075043,0.03647859767079353
611,0,0.0031929717,0.3661821782588959,0.05605751648545265
612,0,0.0001031153,0.4767022132873535,0.05633201822638512
613,0,0.00024433597,0.44136035442352295,0.04918018728494644
614,0,0.0045393305,0.35222214460372925,0.04805811122059822
615,0,0.006446795,0.46396058797836304,0.046513501554727554
616,0,0.00037047575,0.5208759903907776,0.05354078486561775
617,0,0.0007904246,0.5180967450141907,0.06669556349515915
618,0,0.0022302107,0.5065860748291016,0.06350971013307571
619,0,0.038300935,0.3391815423965454,0.04767298698425293
620,0,6.1240724e-05,0.5518938302993774,0.05556134879589081
621,0,0.00078459637,0.6075481176376343,0.06791271269321442
622,0,0.006137057,0.26734283566474915,0.02323700115084648
623,0,0.00013110315,0.5614055395126343,0.061570122838020325
624,0,0.013076113,0.6100499629974365,0.08092085272073746
625,0,0.004071857,0.5202462077140808,0.052288077771663666
626,0,0.041819766,0.5242666006088257,0.06468202918767929
627,0,0.000206476,0.5355085730552673,0.06096985936164856
628,0,0.00017924471,0.6044483184814453,0.07608726620674133
629,0,0.00017984287,0.4676240086555481,0.05495212599635124
630,0,0.0008929908,0.49938932061195374,0.04625025764107704
631,0,0.0010187445,0.5765472650527954,0.07513484358787537
632,0,0.004087456,0.6559804081916809,0.08723200857639313
633,0,0.0029186972,0.381317138671875,0.040564846247434616
634,0,0.0014435827,0.6101927757263184,0.11242851614952087
635,0,0.050446928,0.4334230422973633,0.07631656527519226
636,0,0.024034603,0.5339751839637756,0.07543298602104187
637,0,0.04209974,0.40223363041877747,0.09312085807323456
638,1,0.9966612,0.7070841789245605,0.9787464737892151
639,1,0.99855417,0.9606552720069885,0.9943072199821472
640,1,0.99958247,0.5990568995475769,0.9708244800567627
641,1,0.9998264,0.7031853199005127,0.9865604639053345
642,1,0.9998266,0.4732145369052887,0.9574259519577026
643,1,0.998315,0.4017460346221924,0.962894856929779
644,1,0.9923793,0.571444571018219,0.9640744924545288
645,1,0.9618433,0.6998994946479797,0.9824966192245483
646,1,0.99476093,0.33011627197265625,0.9731758236885071
647,1,0.9985176,0.5166375637054443,0.9654450416564941
648,1,0.9994368,0.5938901305198669,0.97117018699646
649,1,0.99967515,0.4411775469779968,0.9673352837562561
650,1,0.99995613,0.6227195858955383,0.9771933555603027
651,1,0.9998876,0.4741208553314209,0.9685248732566833
652,1,0.99989927,0.5797420144081116,0.9834260940551758
653,1,0.9719606,0.6324184536933899,0.9825701117515564
654,1,0.99734914,0.7613344192504883,0.9927403330802917
655,1,0.999411,0.7063580751419067,0.9947628378868103
656,1,0.97503734,0.3715885579586029,0.9831746220588684
657,1,0.99785256,0.5006434917449951,0.9686718583106995
658,1,0.9990362,0.460828959941864,0.9749676585197449
659,1,0.9994997,0.48651137948036194,0.964844286441803
660,1,0.99213713,0.7649639248847961,0.9811587333679199
661,1,0.9999254,0.8844307661056519,0.9941881895065308
662,1,0.99998677,0.7748575806617737,0.9938185811042786
663,1,0.9274465,0.7861644625663757,0.981754720211029
664,1,0.18443957,0.28451332449913025,0.2110438197851181
665,1,0.99957365,0.5728787183761597,0.9646061658859253
666,0,0.09104531,0.4313194155693054,0.1788148283958435
667,0,0.094788276,0.5352619886398315,0.17547938227653503
668,0,0.015711257,0.5961629152297974,0.13248632848262787
669,0,0.014367627,0.5591496229171753,0.11391198635101318
670,0,0.0039629363,0.5094190239906311,0.08830735087394714
671,0,0.004572718,0.5232012867927551,0.10065225511789322
672,0,0.044065177,0.5184321999549866,0.1214132308959961
673,0,0.035600834,0.5014785528182983,0.09319517761468887
674,0,0.01187651,0.6080381274223328,0.09286557137966156
675,0,0.0020915035,0.5849155187606812,0.13588015735149384
676,0,0.023924638,0.4026590883731842,0.07580172270536423
677,0,0.0049067955,0.5743333101272583,0.11615917831659317
678,0,0.012152194,0.48586586117744446,0.09498314559459686
679,0,0.018587155,0.4393922984600067,0.06771451234817505
680,0,0.0021882954,0.41395363211631775,0.05711902678012848
681,0,0.0028670577,0.5903602838516235,0.10021559149026871
682,0,0.038124934,0.46353501081466675,0.058964695781469345
683,0,0.005617902,0.6078835129737854,0.1142491027712822
684,0,0.0023727054,0.41725438833236694,0.06109224259853363
685,0,0.0005338729,0.4410640597343445,0.042583007365465164
686,0,0.0003341591,0.5612508654594421,0.07514804601669312
687,0,0.000618028,0.40567469596862793,0.03696613758802414
688,0,0.06783741,0.4738015830516815,0.09295981377363205
689,0,0.023427706,0.474200040102005,0.07664711773395538
690,1,0.99865806,0.45982304215431213,0.939706563949585
691,1,0.9999666,0.7452279925346375,0.9822869896888733
692,1,0.55950797,0.5579849481582642,0.7023329138755798
693,1,0.16019651,0.549869179725647,0.22189699113368988
694,1,0.99346364,0.5766847133636475,0.9634578824043274
695,1,0.80365044,0.5115745663642883,0.9122037887573242
696,1,0.9934377,0.558679461479187,0.9534021615982056
697,1,0.0557056,0.4105297923088074,0.09258119016885757
698,1,0.9770924,0.648836076259613,0.9772636294364929
699,1,0.124590315,0.6943079233169556,0.2345123291015625
700,1,0.4684975,0.5699863433837891,0.6234279274940491
701,1,0.9948102,0.3427210748195648,0.9598556756973267
702,0,0.06025256,0.6124095916748047,0.0933566689491272
703,0,0.08474178,0.5000039339065552,0.11450783908367157
704,0,0.13378905,0.6672255396842957,0.1814492791891098
705,0,0.09670615,0.648888885974884,0.12109216302633286
706,0,0.04574224,0.5087275505065918,0.08645499497652054
707,0,0.2939129,0.5721884965896606,0.30144014954566956
708,0,0.9676721,0.5425047874450684,0.9695402979850769
709,0,0.0010308577,0.21631354093551636,0.03778408095240593
710,0,0.0007009068,0.19903981685638428,0.06271067261695862
711,0,0.11936547,0.5693928599357605,0.15607108175754547
712,0,0.004331823,0.25211864709854126,0.08407612890005112
713,0,0.001519716,0.20224632322788239,0.07238686084747314
714,0,0.061440326,0.3676813840866089,0.10143941640853882
715,0,0.0016421237,0.13836172223091125,0.05210290104150772
716,0,0.0480161,0.40205317735671997,0.08086808025836945
717,0,0.0026044112,0.3241361677646637,0.09852783381938934
718,0,0.0070996103,0.4063590466976166,0.11368491500616074
719,0,0.030146318,0.6305909752845764,0.12099196016788483
720,1,0.99732935,0.5519973635673523,0.9752948880195618
721,1,0.97591054,0.4157237708568573,0.9388033747673035
722,1,0.9939737,0.4937230944633484,0.9495407938957214
723,1,0.99600214,0.4387519955635071,0.9360138773918152
724,1,0.9948159,0.3400735557079315,0.9283803105354309
725,1,0.99345654,0.41367340087890625,0.9641856551170349
726,1,0.81114274,0.3909178674221039,0.865426778793335
727,1,0.9992887,0.6267800331115723,0.9749082922935486
728,1,0.99537104,0.5813634395599365,0.9645852446556091
729,1,0.97595143,0.6197059154510498,0.9675923585891724
730,1,0.9999988,0.5224126577377319,0.9520167708396912
731,1,0.9989215,0.6982938051223755,0.9778103828430176
732,1,0.99884725,0.5610563158988953,0.9532372355461121
733,1,0.9998727,0.727195680141449,0.9666378498077393
734,1,0.9773951,0.452687531709671,0.9554263353347778
735,1,0.9937582,0.6809911131858826,0.9721813797950745
736,1,0.83028126,0.41437986493110657,0.907471239566803
737,0,0.015346834,0.3532826602458954,0.027341004461050034
738,0,0.11747483,0.501770555973053,0.0864228904247284
739,0,0.019050397,0.3902277946472168,0.030843202024698257
740,0,0.037006833,0.2697170376777649,0.024899499490857124
741,1,0.9976928,0.3349539041519165,0.9528123140335083
742,1,0.9852785,0.5203825831413269,0.9748135805130005
743,1,0.9756477,0.35328978300094604,0.9648569226264954
744,1,0.9898409,0.5545196533203125,0.9769221544265747
745,1,0.96864086,0.4807354211807251,0.9728162288665771
746,1,0.98132,0.5824706554412842,0.9532511234283447
747,1,0.95907104,0.3950027823448181,0.9471038579940796
748,1,0.99998534,0.7127330899238586,0.9844469428062439
749,1,0.99999905,0.9398133754730225,0.9652414917945862
750,1,0.9977132,0.5944647789001465,0.9852954149246216
751,1,0.99534386,0.39275112748146057,0.9771341681480408
752,0,0.8171971,0.6798946261405945,0.931928277015686
753,0,0.00025400985,0.5885599255561829,0.12238256633281708
754,0,0.0044256756,0.4918392598628998,0.05370044335722923
755,0,0.0159868,0.529852032661438,0.07565507292747498
756,0,0.2511604,0.5964396595954895,0.3092907965183258
757,0,0.0010927899,0.47372037172317505,0.1141972690820694
758,0,0.057507865,0.5152733325958252,0.10344724357128143
759,0,0.0009868118,0.3677918016910553,0.04477711766958237
760,0,0.015259066,0.6339038014411926,0.1737557202577591
761,0,3.7197307e-05,0.528562605381012,0.0936979278922081
762,1,0.96999604,0.5933477282524109,0.973798930644989
763,1,0.8887977,0.46794602274894714,0.9262135028839111
764,1,0.9955448,0.6281948089599609,0.9675228595733643
765,1,0.99901545,0.6490035057067871,0.9599378705024719
766,1,0.9999833,0.7112833261489868,0.9761147499084473
767,1,0.9982122,0.5626036524772644,0.963346004486084
768,1,0.9995029,0.6030310392379761,0.9691968560218811
769,1,0.9666382,0.5222128033638,0.9575175046920776
770,0,0.28826317,0.22520330548286438,0.29506251215934753
771,0,0.0421168,0.14395691454410553,0.05221797153353691
772,0,0.0945808,0.11976540833711624,0.11254972219467163
773,0,0.15997632,0.2376534342765808,0.13670100271701813
774,0,0.0028330535,0.04385358467698097,0.03948782756924629
775,0,0.07392904,0.2614419162273407,0.1366167962551117
776,1,0.99607384,0.9263731241226196,0.9926388263702393
777,1,0.9993025,0.9204869866371155,0.9926164746284485
778,1,0.99261206,0.9134190082550049,0.9898195862770081
779,1,0.9998062,0.7839276790618896,0.981819748878479
780,1,0.99998915,0.717142641544342,0.9761674404144287
781,1,0.990119,0.5615716576576233,0.9625716805458069
782,1,0.99588543,0.5413519740104675,0.9789657592773438
783,1,0.9805423,0.5531991124153137,0.9615253806114197
784,1,0.7468635,0.46200254559516907,0.7586690187454224
785,1,0.99994636,0.4742080569267273,0.9672634601593018
786,1,0.9996997,0.8158460259437561,0.9907902479171753
787,1,0.99956673,0.4922689199447632,0.9619035720825195
788,0,0.023554727,0.07605297863483429,0.025996102020144463
789,0,0.00071710185,0.25439879298210144,0.033705759793519974
790,0,0.0133485645,0.3858097195625305,0.04068860784173012
791,0,0.0362613,0.3529626727104187,0.049195509403944016
792,0,0.011484419,0.32330337166786194,0.032133471220731735
793,0,0.03510589,0.2283637970685959,0.05572431534528732
794,0,0.0115184,0.032923486083745956,0.009935086593031883
795,0,0.25059107,0.39156144857406616,0.26966601610183716
796,0,0.012283581,0.40416789054870605,0.046500179916620255
797,0,0.054264266,0.3407050371170044,0.0672314241528511
798,0,0.967804,0.3684546649456024,0.9203749299049377
799,0,0.14593351,0.07895465195178986,0.07893150299787521
800,1,0.99938,0.5588726997375488,0.9733952283859253
801,1,0.9999932,0.7323502898216248,0.9736520051956177
802,1,0.8947198,0.433288037776947,0.9493547677993774
803,1,0.9983998,0.33299520611763,0.9115768074989319
804,1,0.99996054,0.40473684668540955,0.9468773603439331
805,1,0.99997723,0.7315980195999146,0.9775650501251221
806,1,0.9999995,0.549930989742279,0.9574835300445557
807,1,0.9973207,0.518008291721344,0.9675461649894714
808,1,0.946294,0.21436955034732819,0.9179561138153076
809,1,0.99983644,0.20755571126937866,0.8974661231040955
810,1,0.9984295,0.2855567932128906,0.9201323986053467
811,0,0.0022365171,0.5504873394966125,0.11328322440385818
812,0,0.00020447143,0.8388371467590332,0.20035742223262787
813,0,1.2239099e-05,0.8662416338920593,0.21306951344013214
814,0,2.3300374e-05,0.816780149936676,0.2192622274160385
815,0,6.7038895e-06,0.6623287200927734,0.1572994738817215
816,0,8.104582e-05,0.772504448890686,0.14028039574623108
817,0,0.00090368825,0.5590054988861084,0.09766258299350739
818,1,0.77827793,0.7217754125595093,0.875081479549408
819,1,0.39674366,0.6241459846496582,0.6143261194229126
820,1,0.99999225,0.8492949604988098,0.9818881154060364
821,1,0.9999126,0.8117592334747314,0.9827451109886169
822,1,0.99874,0.9009108543395996,0.995596706867218
823,1,0.99229807,0.6977917551994324,0.9846547842025757
824,1,0.99991655,0.9169141054153442,0.995315432548523
825,1,0.09897494,0.8334106206893921,0.3223346173763275
826,0,0.5824742,0.054472312331199646,0.6230092644691467
827,0,0.00046356194,0.18847553431987762,0.05187421292066574
828,0,0.0005910889,0.27061745524406433,0.06751345098018646
829,0,0.0104703605,0.3603034019470215,0.1139548048377037
830,0,0.025033945,0.2837781310081482,0.11994665116071701
831,0,0.038926583,0.22015145421028137,0.05878134071826935
832,0,0.23836462,0.3394065499305725,0.2356446385383606
833,0,0.004724018,0.20520201325416565,0.08950215578079224
834,0,0.002896413,0.22383929789066315,0.029772168025374413
835,0,0.0050509754,0.16604463756084442,0.07420215010643005
836,0,0.5376122,0.033888522535562515,0.47024160623550415
837,1,0.9993222,0.7087170481681824,0.9478635787963867
838,1,0.9999894,0.7981805801391602,0.9795182347297668
839,1,0.99857175,0.7595460414886475,0.9646849632263184
840,1,0.68975925,0.5313366651535034,0.6620815396308899
841,1,0.9998869,0.8818275928497314,0.9811196327209473
842,1,0.9972262,0.44249117374420166,0.9372281432151794
843,1,0.97799426,0.6542338132858276,0.9406749606132507
844,0,0.01939128,0.3064941465854645,0.034089166671037674
845,0,0.1264847,0.583092987537384,0.10607708245515823
846,0,0.10782195,0.48347893357276917,0.09466429054737091
847,0,0.02221218,0.3943045139312744,0.04634634777903557
848,0,0.05503934,0.34741318225860596,0.07115903496742249
849,0,0.0024113539,0.40462595224380493,0.06127166002988815
850,0,0.074593306,0.48650962114334106,0.08579783886671066
851,0,0.00760107,0.44508323073387146,0.05307256057858467
852,0,0.0060803657,0.42440634965896606,0.06596981734037399
853,0,0.030911837,0.34786221385002136,0.04169910401105881
854,0,0.010453997,0.3710790276527405,0.048917993903160095
855,0,0.0087375175,0.2651766240596771,0.04908278211951256
856,1,0.9817747,0.25989145040512085,0.9400654435157776
857,1,0.9984565,0.15193189680576324,0.924816370010376
858,1,0.80349004,0.42421597242355347,0.8114011287689209
859,1,0.8653516,0.39117372035980225,0.9164921045303345
860,1,0.9767436,0.4419916570186615,0.9395117163658142
861,1,0.8959129,0.6699968576431274,0.9552130103111267
862,0,7.575586e-06,0.4216773509979248,0.10375203937292099
863,0,0.0015527797,0.45379212498664856,0.09971660375595093
864,0,0.0064934082,0.6247721910476685,0.10841595381498337
865,0,0.0007055632,0.6528860926628113,0.07704378664493561
866,0,0.03669471,0.6461228728294373,0.16154608130455017
867,0,0.030541092,0.513823390007019,0.08313882350921631
868,0,0.0014089958,0.6128385066986084,0.09059400111436844
869,0,0.00012387263,0.6381146311759949,0.0934145376086235
870,0,0.00013035125,0.47662654519081116,0.05950017645955086
871,0,0.00048875145,0.7130957841873169,0.14377155900001526
872,1,0.99159545,0.22371554374694824,0.978220522403717
873,1,0.99978656,0.5145093202590942,0.9743278622627258
874,1,0.16572277,0.36501172184944153,0.14226879179477692
875,1,0.9968489,0.3783046007156372,0.96964430809021
876,1,0.8244333,0.35982656478881836,0.9356160163879395
877,1,0.93224424,0.2274339348077774,0.9515537619590759
878,1,0.99936825,0.39666590094566345,0.9526410102844238
879,1,0.99999154,0.4351063370704651,0.9769432544708252
880,0,0.00013422852,0.23697392642498016,0.0508229061961174
881,0,0.0014873452,0.06086410954594612,0.01669851690530777
882,0,0.0028591251,0.18043598532676697,0.03542991727590561
883,0,0.0005646061,0.364531010389328,0.026262624189257622
884,0,6.046309e-05,0.06515044718980789,0.014143235981464386
885,0,0.00025902782,0.02815544232726097,0.012848691083490849
886,0,0.002865929,0.04866674542427063,0.01604750007390976
887,0,0.36230022,0.3155970573425293,0.2760202884674072
888,0,0.2507663,0.2724773585796356,0.1727999895811081
889,0,0.038408678,0.14423802495002747,0.032577939331531525
890,0,0.0010351958,0.15924105048179626,0.03379763290286064
891,0,0.67796344,0.1454550176858902,0.6276178359985352
892,1,0.8879317,0.5055755972862244,0.9261260628700256
893,1,0.27411896,0.5467666983604431,0.26392096281051636
894,1,0.48826674,0.4753393232822418,0.6073604226112366
895,1,0.93465793,0.6652974486351013,0.951897919178009
896,1,0.04939324,0.5570140480995178,0.09572973847389221
897,1,0.8515646,0.49814894795417786,0.9270662665367126
898,0,0.14815065,0.283810555934906,0.11174378544092178
899,0,4.0384393e-06,0.21423745155334473,0.061828214675188065
900,0,0.0061060293,0.7444401383399963,0.18309177458286285
901,0,0.0012457181,0.6683666110038757,0.15904738008975983
902,0,0.0003842657,0.806638240814209,0.25289100408554077
903,0,0.045113258,0.7812684178352356,0.2584116756916046
904,0,0.42357233,0.7668198943138123,0.7345749139785767
905,0,0.0010865937,0.363460898399353,0.09922362118959427
906,0,2.5631882e-06,0.31131210923194885,0.10509563237428665
907,1,0.99999666,0.8597527146339417,0.9818060398101807
908,1,0.9999995,0.742275059223175,0.9725874066352844
909,1,0.99999964,0.5984343886375427,0.9755069017410278
910,1,0.99999964,0.7790551781654358,0.9844170212745667
911,1,0.98154575,0.7128650546073914,0.9709161520004272
912,1,0.9999988,0.8454333543777466,0.9833322763442993
913,1,0.9999999,0.7596754431724548,0.9729165434837341
914,1,0.9995196,0.7180693745613098,0.9737614393234253
915,0,0.000853575,0.25435227155685425,0.061091549694538116
916,0,2.3334527e-05,0.26274818181991577,0.06150590255856514
917,0,5.826537e-05,0.4319528043270111,0.10186220705509186
918,0,0.0019159456,0.19579175114631653,0.0497477650642395
919,0,3.245342e-06,0.2783031165599823,0.07641775161027908
920,0,8.798755e-05,0.4539414942264557,0.07284849882125854
921,0,4.889151e-06,0.1396036446094513,0.051756326109170914
922,0,3.6403475e-05,0.2173481583595276,0.0440932922065258
923,0,3.929836e-06,0.11110218614339828,0.038180314004421234
924,0,0.0285522,0.34862837195396423,0.05420122295618057
925,1,0.047259867,0.28633683919906616,0.053087037056684494
926,1,0.98239094,0.5940609574317932,0.9642440676689148
927,1,0.9559692,0.6618613600730896,0.9398918151855469
928,1,0.9880592,0.5520026087760925,0.9691591262817383
929,1,0.98921305,0.46775656938552856,0.9542480707168579
930,1,0.59410524,0.6425080299377441,0.7635508179664612
931,1,0.9775124,0.5979717969894409,0.9724068641662598
932,1,0.9811102,0.6524848937988281,0.9709283113479614
933,0,0.0023112132,0.4216034412384033,0.05195767804980278
934,0,0.003479224,0.675612211227417,0.1669512689113617
935,0,0.00033760155,0.19038720428943634,0.06640233099460602
936,0,0.0038843122,0.38460904359817505,0.06833948940038681
937,0,0.0035198373,0.4557327628135681,0.0825670138001442
938,0,0.0006848753,0.45350873470306396,0.07876358926296234
939,0,0.0012989437,0.5378763675689697,0.07298189401626587
940,0,0.13604818,0.7607431411743164,0.305728018283844
941,0,0.00064055115,0.3889572322368622,0.06357478350400925
942,0,0.019561237,0.22753679752349854,0.03638020530343056
943,0,0.00030649427,0.46947357058525085,0.08853792399168015
944,0,0.086302474,0.6920657753944397,0.14275825023651123
945,0,0.0038853379,0.447206050157547,0.07017724961042404
946,0,0.0034068981,0.3909490704536438,0.11539109796285629
947,0,0.013444556,0.41290944814682007,0.08849889039993286
948,0,0.066712044,0.5412840843200684,0.09788335114717484
949,0,0.0007102655,0.44108515977859497,0.06042555347084999
950,0,9.827431e-05,0.2484927922487259,0.07200805097818375
951,0,0.00017951614,0.32717424631118774,0.06221059337258339
952,0,0.00044539946,0.4020010828971863,0.0775759294629097
953,1,0.99952567,0.6291207671165466,0.942416250705719
954,1,0.9972325,0.6691967844963074,0.9715203642845154
955,1,0.99905616,0.5306245684623718,0.9410156607627869
956,1,0.9930854,0.33874937891960144,0.9371209144592285
957,1,0.9997892,0.6111444234848022,0.9433172345161438
958,1,0.9926174,0.38743263483047485,0.9116684794425964
959,1,0.6686167,0.09090983867645264,0.45935967564582825
960,1,0.9999658,0.5877490043640137,0.9630218744277954
961,1,0.9997832,0.609513521194458,0.9462230801582336
962,1,0.9983485,0.49371612071990967,0.934463620185852
963,1,0.99999917,0.8162591457366943,0.9802589416503906
964,1,0.99661994,0.7979591488838196,0.9745487570762634
965,1,0.9999708,0.6028218865394592,0.9660011529922485
966,1,0.99602866,0.6588966250419617,0.9622623920440674
967,1,0.993238,0.6071672439575195,0.9458916783332825
968,1,0.7816029,0.30581697821617126,0.7726556658744812
969,0,0.0029926782,0.438274621963501,0.12049137055873871
970,0,0.05580657,0.563377320766449,0.1704864501953125
971,0,0.029644972,0.584807813167572,0.11011453717947006
972,0,0.0061490014,0.527618944644928,0.11243817955255508
973,0,0.009987073,0.5095965266227722,0.14076833426952362
974,0,0.00011427865,0.4591084420681,0.09591445326805115
975,0,3.242431e-05,0.38714301586151123,0.10979460179805756
976,0,6.610847e-06,0.2622276544570923,0.08319747447967529
977,0,0.0035861759,0.2784700393676758,0.04599001631140709
978,0,0.00047912294,0.24688054621219635,0.05950794741511345
979,0,0.0025453083,0.3330017924308777,0.07660362869501114
980,0,0.020966977,0.4621019661426544,0.09629418700933456
981,0,0.0015059314,0.2627018988132477,0.06619463115930557
982,0,0.00065965735,0.4498600959777832,0.13414493203163147
983,1,0.9785767,0.6531965136528015,0.968975305557251
984,1,0.95269024,0.5440322756767273,0.9266805648803711
985,1,0.9803088,0.4122294783592224,0.8886176943778992
986,1,0.5150738,0.24839746952056885,0.45928746461868286
987,0,0.01687509,0.36646807193756104,0.06846215575933456
988,0,0.0014654595,0.3253747820854187,0.05255246162414551
989,0,0.009251866,0.38005727529525757,0.035685956478118896
990,0,0.01527889,0.7091558575630188,0.13289231061935425
991,0,0.04232695,0.650022029876709,0.0712297335267067
992,0,0.00211746,0.6225109696388245,0.10359491407871246
993,0,0.11442357,0.5819580554962158,0.17379087209701538
994,0,0.016765678,0.5627745389938354,0.05701519921422005
995,0,0.0018432243,0.43044617772102356,0.080694779753685
996,0,0.0043963837,0.5104285478591919,0.08220905065536499
997,1,0.99126124,0.8207642436027527,0.9828428626060486
998,1,0.94951487,0.503801703453064,0.967509925365448
999,1,0.388052,0.8837977647781372,0.73112553358078
1000,1,0.8779624,0.689673662185669,0.953218400478363
1001,1,0.9903894,0.8314108848571777,0.9891830086708069
1002,1,0.9991842,0.8966790437698364,0.9894866943359375
1003,1,0.97209686,0.7082977294921875,0.9824802279472351
1004,1,0.97976923,0.5391102433204651,0.9816345572471619
1005,0,0.035557177,0.6004194021224976,0.09775755554437637
1006,0,0.0031314746,0.6562693119049072,0.08676011860370636
1007,0,0.0003987124,0.5469915866851807,0.05518895387649536
1008,0,0.0017659098,0.608585774898529,0.07893814146518707
1009,0,0.015401445,0.8011491894721985,0.09823966771364212
1010,0,0.19178037,0.5332858562469482,0.1412993222475052
1011,0,0.4392738,0.7364969849586487,0.5575534701347351
1012,0,0.53322023,0.8317549228668213,0.7456939220428467
1013,1,0.9929128,0.7043733596801758,0.9646949172019958
1014,1,0.99988055,0.6990391612052917,0.976144015789032
1015,1,0.999982,0.5802910327911377,0.9634572267532349
1016,1,0.9999176,0.38273659348487854,0.9516171813011169
1017,1,0.9547479,0.6496158838272095,0.9387052655220032
1018,1,0.9888182,0.4828430414199829,0.9575517177581787
1019,1,0.99889624,0.7148897051811218,0.9654918313026428
1020,1,0.99997663,0.9719679355621338,0.9937973618507385
1021,1,0.9999064,0.9141747355461121,0.9899435043334961
1022,1,0.061229806,0.8880184888839722,0.16166633367538452
1023,0,0.0023132523,0.6105945110321045,0.05422675982117653
1024,0,0.00013699925,0.4710223376750946,0.07641357183456421
1025,0,0.7263541,0.7073346972465515,0.8827288150787354
1026,0,0.0004116671,0.4667589068412781,0.09625864773988724
1027,0,0.00030719987,0.04593077674508095,0.006260675378143787
1028,0,0.92580825,0.16146314144134521,0.8715582489967346
1029,0,0.0002081832,0.2205418199300766,0.09659016877412796
1030,0,0.28838113,0.07635907828807831,0.10194676369428635
1031,1,0.98198754,0.8886482119560242,0.9800296425819397
1032,1,0.99992216,0.9147109985351562,0.9777168035507202
1033,1,0.9962388,0.9218100905418396,0.9769173860549927
1034,1,0.998733,0.9524532556533813,0.9813824892044067
1035,1,0.5558998,0.7280508875846863,0.6189250349998474
1036,1,0.99365765,0.8444349765777588,0.9615060091018677
1037,1,0.9176868,0.8570477962493896,0.9522469639778137
1038,1,0.99755436,0.7730433344841003,0.9722302556037903
1039,1,0.98223466,0.8468420505523682,0.9742279052734375
1040,1,0.9869126,0.918134868144989,0.983860969543457
1041,0,0.027730877,0.5017459988594055,0.08739589154720306
1042,0,0.022284226,0.4346885681152344,0.09942932426929474
1043,0,0.00027671136,0.2825128436088562,0.05567999556660652
1044,0,0.006606612,0.4041097164154053,0.11045470088720322
1045,0,0.0046407334,0.3111092746257782,0.073976531624794
1046,0,0.0076135006,0.30161792039871216,0.09490404278039932
1047,0,0.0036593159,0.36181268095970154,0.11924531310796738
1048,0,0.029571999,0.5841402411460876,0.10516240447759628
1049,1,0.926592,0.7571726441383362,0.9760535359382629
1050,1,0.046458315,0.6951949000358582,0.1058499738574028
1051,1,0.99954563,0.7087737321853638,0.9791694283485413
1052,1,0.9911103,0.4260849058628082,0.9754771590232849
1053,1,0.8603191,0.766583263874054,0.9479999542236328
1054,1,0.9985207,0.6140817403793335,0.9799699187278748
1055,1,0.99245787,0.6583467721939087,0.9772222638130188
1056,1,0.99933463,0.7471636533737183,0.9811320900917053
1057,1,0.9986331,0.764319896697998,0.9804545044898987
1058,1,0.12834239,0.6700237393379211,0.16638535261154175
1059,0,0.0003473796,0.28023406863212585,0.06657826900482178
1060,0,0.035380747,0.7971823811531067,0.14188586175441742
1061,0,0.99910223,0.9141457080841064,0.9872846007347107
1062,0,0.085855134,0.7805964350700378,0.22316476702690125
1063,0,0.46165738,0.7771419286727905,0.750247597694397
1064,0,0.000865183,0.6269857883453369,0.11520135402679443
1065,0,5.5543237e-06,0.32968154549598694,0.06510637700557709
1066,0,0.37825063,0.3198297619819641,0.40121570229530334
1067,0,0.99968684,0.1426423192024231,0.9464900493621826
1068,0,0.017657353,0.5650302767753601,0.18921199440956116
1069,0,0.00074258534,0.6260533928871155,0.14605244994163513
1070,1,0.98584783,0.7718386054039001,0.9831023812294006
1071,1,0.99936,0.6803339123725891,0.980795681476593
1072,1,0.9793802,0.8231380581855774,0.9838808178901672
1073,1,0.98972964,0.7530587911605835,0.982018232345581
1074,1,0.9998691,0.6669710278511047,0.9835854768753052
1075,1,0.99998534,0.7908619046211243,0.9863520860671997
1076,1,0.98767835,0.798020601272583,0.9871045351028442
1077,1,0.9152495,0.7404595017433167,0.9653751254081726
1078,1,0.68391687,0.8425507545471191,0.9312064051628113
1079,1,0.99998224,0.7649105191230774,0.9810518026351929
1080,1,0.99452704,0.6988581418991089,0.9772027134895325
1081,1,0.98393446,0.7567444443702698,0.9838007092475891
1082,1,0.9483682,0.6925306916236877,0.967527449131012
1083,0,0.03966793,0.623081624507904,0.2206251174211502
1084,0,0.0027746256,0.4736108183860779,0.11663993448019028
1085,0,0.0006352966,0.38027244806289673,0.08478976786136627
1086,0,0.0026249776,0.6114707589149475,0.1592302769422531
1087,0,0.019869214,0.5604293942451477,0.1255059391260147
1088,0,0.032011375,0.7556666135787964,0.19226400554180145
1089,0,0.016549418,0.8657019138336182,0.2922833561897278
1090,0,0.11773932,0.7595615386962891,0.35243159532546997
1091,0,0.00033665725,0.5376319289207458,0.10148247331380844
1092,1,0.6767842,0.6929337978363037,0.8553868532180786
1093,1,0.983508,0.7118402123451233,0.9781283736228943
1094,1,0.79779404,0.8585260510444641,0.9438084363937378
1095,1,0.9977805,0.7338722944259644,0.9787598252296448
1096,1,0.96807903,0.2242884337902069,0.914011538028717
1097,1,0.99761826,0.6500535011291504,0.9755628108978271
1098,1,0.9957236,0.7355985045433044,0.9743894934654236
1099,0,0.0008476203,0.37384241819381714,0.03563886880874634
1100,0,0.0091179265,0.47652581334114075,0.0516233965754509
1101,0,0.039213113,0.5255706310272217,0.0657733902335167
1102,0,0.043451235,0.3423978388309479,0.0594797283411026
1103,0,0.002310574,0.34363794326782227,0.04232745245099068
1104,0,0.0020065678,0.3825286328792572,0.0490407794713974
1105,0,0.19772387,0.4531055688858032,0.16409572958946228
1106,0,0.008524777,0.5034569501876831,0.03750191256403923
1107,0,0.025970953,0.35975196957588196,0.038354381918907166
1108,0,0.008792863,0.4834827780723572,0.049663495272397995
1109,0,0.004230316,0.5125092267990112,0.03665553405880928
1110,0,0.08849966,0.41125497221946716,0.04892581328749657
1111,1,0.6557607,0.789697527885437,0.8564367890357971
1112,1,0.9998294,0.6068347692489624,0.9618058204650879
1113,1,0.99989605,0.6258277893066406,0.9578259587287903
1114,1,0.98763907,0.7256659865379333,0.9621403217315674
1115,1,0.99688905,0.7551177740097046,0.9720698595046997
1116,1,0.99950933,0.6845908761024475,0.9617106914520264
1117,0,0.10816004,0.23994503915309906,0.050818510353565216
1118,0,0.08525824,0.2264159619808197,0.06016552075743675
1119,0,0.008621814,0.0945257917046547,0.02960786782205105
1120,0,0.008527604,0.24443453550338745,0.029052767902612686
1121,0,0.016911019,0.36556676030158997,0.04662491753697395
1122,0,0.022519412,0.1297100931406021,0.039452217519283295
1123,1,0.9925742,0.22405743598937988,0.9205825924873352
1124,1,0.9885239,0.4000007212162018,0.9322072863578796
1125,1,0.8468835,0.33322879672050476,0.8324975967407227
1126,1,0.95411056,0.44389477372169495,0.925204873085022
1127,1,0.9734708,0.2631198465824127,0.9124075174331665
1128,1,0.9771503,0.3490843176841736,0.9297158122062683
1129,1,0.9977738,0.30943235754966736,0.9271855354309082
1130,1,0.9832925,0.4208875000476837,0.9508773684501648
1131,1,0.98284733,0.31630557775497437,0.941885769367218
1132,1,0.91149026,0.5026295781135559,0.9316110610961914
1133,1,0.9870237,0.5337256193161011,0.9583961963653564
1134,1,0.96808976,0.4349830448627472,0.9484958052635193
1135,0,0.005120985,0.14327198266983032,0.06712456792593002
1136,0,0.00097550335,0.16540399193763733,0.05390743166208267
1137,0,0.00030105317,0.10503269731998444,0.03574619069695473
1138,0,4.2942367e-05,0.04330071434378624,0.025768613442778587
1139,0,0.0011893339,0.11816602200269699,0.0531989187002182
1140,0,0.0048353146,0.13565917313098907,0.06970657408237457
1141,0,9.5666355e-06,0.062466640025377274,0.025756627321243286
1142,0,0.00015989666,0.08503621071577072,0.029168060049414635
1143,0,0.00012247682,0.054394327104091644,0.044411465525627136
1144,0,0.00036973623,0.14419399201869965,0.03394690528512001
1145,0,0.010791168,0.4034043848514557,0.09599011391401291
1146,0,0.00011209741,0.07542741298675537,0.04423955827951431
1147,1,0.99890876,0.8734687566757202,0.9955403208732605
1148,1,0.99542457,0.521775484085083,0.9826188087463379
1149,1,0.9984127,0.6610241532325745,0.982758104801178
1150,1,0.023838894,0.7237960696220398,0.11874470859766006
1151,1,0.99994004,0.9648576974868774,0.9938052892684937
1152,1,0.9952553,0.7713901996612549,0.9919460415840149
1153,0,0.0007937268,0.4316331744194031,0.10917643457651138
1154,0,0.0003426167,0.12322947382926941,0.0644363984465599
1155,0,7.603458e-05,0.08063504099845886,0.03135932981967926
1156,0,5.023955e-05,0.26537516713142395,0.06022113934159279
1157,0,0.029618073,0.21983478963375092,0.052330970764160156
1158,0,0.0047410154,0.36967727541923523,0.07779247313737869
1159,0,8.9815585e-05,0.09503037482500076,0.037636201828718185
1160,0,0.10673419,0.1343558132648468,0.06765839457511902
1161,0,0.01605772,0.14282740652561188,0.04326048120856285
1162,0,2.1647916e-06,0.019440365955233574,0.017873547971248627
1163,1,0.00056404347,0.12836897373199463,0.047913309186697006
1164,1,0.10494896,0.045888446271419525,0.049075379967689514
1165,1,0.9999343,0.4056611657142639,0.9832872152328491
1166,1,0.58605415,0.17518369853496552,0.7249825596809387
1167,1,0.9321935,0.33562907576560974,0.9656120538711548
1168,1,0.9889086,0.749346911907196,0.9846575856208801
1169,1,0.95805544,0.5525541305541992,0.9830596446990967
1170,1,0.123600855,0.38719215989112854,0.315593957901001
