flat_pixel_index,mean_pixel_evidence_drop,mean_pixel_evidence_drop_class0,mean_pixel_evidence_drop_class1
0,0.00014209617802407593,0.0001225932501256466,0.0001686375035205856
1,0.00033303649979643524,0.00046418295823968947,0.00015456107212230563
2,0.0007718681008554995,0.0009798052487894893,0.0004888892872259021
3,0.0009345566504634917,0.0005502654821611941,0.0014575334498658776
4,0.0007253001094795763,0.0004658270627260208,0.0010784132173284888
5,0.001107106450945139,0.0003976546286139637,0.002072590868920088
6,0.0006916155689395964,0.00025860450114123523,0.001280894735828042
7,0.00029388931579887867,0.0005074949003756046,3.1962915727490326e-06
8,0.0001465137756895274,0.00022267394524533302,4.286837429390289e-05
9,-0.00017248875519726425,0.0001653226208873093,-0.0006322119734250009
10,-0.00021838699467480183,0.0003318253147881478,-0.0009671638254076242
11,-0.00022569454449694604,-0.0002516882377676666,-0.00019032004638575017
12,-8.586153126088902e-05,-6.783644494134933e-05,-0.0001103916802094318
13,-3.8731675886083394e-05,-0.00013380376913119107,9.06507411855273e-05
14,0.00019844806229230016,0.0004884355003014207,-0.00019619207887444645
15,-0.00025007640942931175,-0.00012179065379314125,-0.0004246588214300573
16,-0.00026228197384625673,-4.019931657239795e-05,-0.0005645113997161388
17,-0.00017067085718736053,-7.638631359441206e-05,-0.0002989814674947411
18,-0.00012641516514122486,2.5562445443938486e-05,-0.0003332396154291928
19,-0.00010023159848060459,-0.00011103038559667766,-8.553564111934975e-05
20,-0.0002726407255977392,-0.0002937596873380244,-0.00024390019825659692
21,-0.0002958111581392586,-4.53257562185172e-05,-0.0006366936722770333
22,-0.00010199583630310372,-0.00019449614046607167,2.3886583221610636e-05
23,7.089201244525611e-05,5.530127600650303e-05,9.210924326907843e-05
24,0.00044518234790302813,0.00044491238077171147,0.00044554981286637485
25,0.0005673011182807386,0.0007944199023768306,0.00025821797316893935
26,0.00031369837233796716,0.0002629355003591627,0.0003827808250207454
27,0.000726913393009454,0.0007975760963745415,0.000630749564152211
28,0.0007448401302099228,0.0009694260079413652,0.00043920421740040183
29,0.0006877805572003126,0.0011176308616995811,0.00010280274000251666
30,3.843215017695911e-05,0.00011199129949091002,-6.167356332298368e-05
31,0.00015013248776085675,6.27859408268705e-05,0.00026900123339146376
32,0.00020340559422038496,-9.253722964785993e-05,0.0006061504245735705
33,0.00013356599083635956,5.105195305077359e-05,0.00024585830396972597
34,0.000427354039857164,0.0003074405831284821,0.0005905427969992161
35,0.00023119513934943825,0.0003197049954906106,0.00011074318899773061
36,0.00027348249568603933,0.00029825730598531663,0.000239766770391725
37,0.00019045922090299428,8.367282134713605e-05,0.0003357834939379245
38,0.00047422319767065346,-0.00021735155314672738,0.0014153782976791263
39,0.0004602601984515786,0.00021805269352626055,0.0007898771436884999
40,0.00024109100922942162,0.0003930166130885482,3.4337495890213177e-05
41,0.00010266806202707812,0.000771758088376373,-0.0008078879327513278
42,-3.9853683119872585e-05,0.0006620925269089639,-0.0009951232932507992
43,3.668968565762043e-05,0.0003358663525432348,-0.000370456138625741
44,1.9652079572551884e-05,0.0006042745662853122,-0.0007759531727060676
45,-0.000141875832923688,8.020665700314566e-05,-0.00044410512782633305
46,-0.0003352997009642422,-0.0005152731318958104,-9.037626296048984e-05
47,-0.0004308388743083924,-0.000771326944231987,3.2526906579732895e-05
48,-0.00019331650400999933,0.00018284929683431983,-0.0007052356959320605
49,9.333922935184091e-05,0.00020333343127276748,-5.635049819829874e-05
50,2.065078297164291e-05,-0.0001427884417353198,0.00024307315470650792
51,0.0002380500518484041,0.00024947262136265635,0.00022250520123634487
52,0.0004174658970441669,0.000367611413821578,0.00048531204811297357
53,-0.00016819220036268234,0.00028912871493957937,-0.000790554448030889
54,-0.00038507540011778474,-0.0004261287103872746,-0.0003292067558504641
55,0.0003538761811796576,0.00012199322372907773,0.0006694427574984729
56,0.00015809500473551452,0.00021949768415652215,7.453292346326634e-05
57,0.0004618449311237782,0.0006438400014303625,0.00021417018433567137
58,0.00042333485907875,0.0007892322610132396,-7.461016502929851e-05
59,0.0003367631870787591,0.0005522607825696468,4.349526352598332e-05
60,0.00016999432409647852,8.092739153653383e-05,0.00029120437102392316
61,0.0003314763307571411,0.0008885731804184616,-0.00042666951776482165
62,0.00011200977314729244,8.386593981413171e-05,0.0001503103121649474
63,0.00011882398393936455,0.000298551021842286,-0.00012576421431731433
64,1.2733142284560017e-05,-0.00023476732894778252,0.00034955336013808846
65,1.522632737760432e-05,0.0005126784672029316,-0.0006617498584091663
66,0.00013685310841538012,0.00037569415871985257,-0.00018818264652509242
67,-6.301260327745695e-06,9.692695311969146e-05,-0.00014678321895189583
68,5.9335827245377004e-05,0.00016834461712278426,-8.901283581508324e-05
69,8.549656922696158e-05,0.00030570311355404556,-0.0002141796867363155
70,0.00042980516445823014,0.0008023010450415313,-7.711948273936287e-05
71,0.00030782242538407445,0.00031995473545975983,0.00029131173505447805
72,2.2378782887244597e-05,0.0009505434427410364,-0.0012407483300194144
73,-1.1145461030537263e-05,0.0008877131622284651,-0.0012343906564638019
74,8.307728421641514e-05,0.0009629820706322789,-0.0011143737938255072
75,4.236070526530966e-05,0.00020130669872742146,-0.0001739468571031466
76,-7.54586944822222e-05,-0.0003114640130661428,0.0002457179652992636
77,5.708329626941122e-05,-3.345719051139895e-06,0.00013932040019426495
78,5.9498019254533574e-05,0.00010282843140885234,5.301910732669057e-07
79,0.00010104037210112438,-3.253548129578121e-05,0.00028282206039875746
80,6.25935208518058e-05,-0.00011419799557188526,0.00030318679637275636
81,1.432088447472779e-05,0.00040545163210481405,-0.0005179638974368572
82,0.0003617064794525504,0.0010268868645653129,-0.0005435288767330348
83,0.0002631027309689671,0.0005564286839216948,-0.00013608082372229546
84,4.662645733333193e-05,5.7679018937051296e-05,3.158516847179271e-05
85,-0.00014528211613651365,-0.0006178439361974597,0.0004978210781700909
86,-0.00019001384498551488,-0.0003079110465478152,-2.9569117032224312e-05
87,-7.933716551633552e-05,-0.00014127607573755085,4.954733867634786e-06
88,-3.926520366803743e-05,0.00016261568816844374,-0.0003140022454317659
89,8.287162927445024e-05,4.429022374097258e-05,0.0001353765546809882
90,-9.148225944954902e-05,-6.608309922739863e-05,-0.00012604767107404768
91,0.00014494909555651248,-3.142074274364859e-05,0.00038496855995617807
92,0.0002867704606615007,0.00042738765478134155,9.540642349747941e-05
93,0.0006670463480986655,0.0010419193422421813,0.00015688658459112048
94,9.5576215244364e-05,4.815516513190232e-05,0.00016011096886359155
95,0.00014828515122644603,0.00028723495779559016,-4.080980579601601e-05
96,9.027378109749407e-05,0.0006574069848284125,-0.0006815304514020681
97,-1.035638342727907e-05,0.0006088666850700974,-0.0008530490449629724
98,-7.204730536614079e-07,0.0007732129888609052,-0.0010539565701037645
99,-7.037146588118048e-06,0.0002758429618552327,-0.00039200502214953303
100,3.543704224284738e-05,0.0004199832328595221,-0.0004878869222011417
101,0.00013546260015573353,0.0006996149313636124,-0.0006322850822471082
102,-6.618212501052767e-05,1.9417073417571373e-05,-0.00018267300038132817
103,0.00013402171316556633,0.0002507043827790767,-2.477017551427707e-05
104,0.00015700983931310475,0.0005084495060145855,-0.0003212598676327616
105,-0.00017903964908327907,-0.00025323894806206226,-7.806280336808413e-05
106,7.118078792700544e-05,0.00053607695735991,-0.000561490363907069
107,0.0002643293992150575,6.660452345386147e-05,0.0005334106390364468
108,0.00025378138525411487,0.0005902147968299687,-0.0002040664985543117
109,8.759733464103192e-05,6.006320472806692e-05,0.0001250681816600263
110,-0.00018461346917320043,-0.00038271304219961166,8.497768430970609e-05
111,-0.0001736381818773225,2.3635227989871055e-05,-0.00044210502528585494
112,0.00014563938020728528,0.0007217050297185779,-0.000638321042060852
113,0.00019884711946360767,0.0005592270172201097,-0.000291589240077883
114,0.00018868119514081627,0.00031995092285797,1.003789384412812e-05
115,0.00020538178796414286,0.0009565483196638525,-0.0008168709464371204
116,0.00012667154078371823,0.0001271079236175865,0.00012607766257133335
117,1.2718803191091865e-05,-0.0003548356471583247,0.0005129189812578261
118,-4.805967546417378e-05,-0.0004109149449504912,0.0004457453906070441
119,-0.0003566574596334249,-0.0007361668394878507,0.00015981198521330953
120,-0.0002648385416250676,-0.0007978533976711333,0.0004605344438459724
121,-5.97820762777701e-05,-0.00031540216878056526,0.00028808799106627703
122,3.948031462641666e-06,-0.00014107271272223443,0.00020130487973801792
123,0.00027311858139000833,0.0006146869855001569,-0.00019171742314938456
124,0.0005187459173612297,0.0008714771247468889,3.871855005854741e-05
125,0.00032560323597863317,0.0007657251553609967,-0.00027335298364050686
126,7.666577585041523e-05,-8.293734572362155e-05,0.0002938676334451884
127,0.00017648149514570832,9.499364387011155e-05,0.00028737730463035405
128,6.263000250328332e-05,-0.00011473549966467544,0.0003040044102817774
129,0.00013311364455148578,0.00014461491082329303,0.00011746172094717622
130,0.00010528183338465169,3.6140547308605164e-05,0.0001993753103306517
131,3.616534741013311e-06,0.0004264436720404774,-0.0005718034808523953
132,0.00016883718490134925,0.0004938687197864056,-0.00027349404990673065
133,0.00012835887901019305,7.865852967370301e-05,0.00019599545339588076
134,3.722944893524982e-05,0.0006094145937822759,-0.0007414499414153397
135,6.345213478198275e-05,1.974670885829255e-05,0.00012293030158616602
136,0.0001626605080673471,0.0003504911146592349,-9.295575728174299e-05
137,-7.932298103696667e-06,-6.917706195963547e-05,7.541492959717289e-05
138,9.257680176233407e-06,0.0004998411168344319,-0.0006583709036931396
139,0.0003857492993120104,0.0005221253959462047,0.00020015680638607591
140,8.426857675658539e-05,-2.088158180413302e-05,0.0002273661084473133
141,-1.166314905276522e-05,0.0003232697199564427,-0.000467468926217407
142,-2.7820939067169093e-05,-0.00015645910752937198,0.00014724108041264117
143,-0.00014280294999480247,1.7893138647195883e-05,-0.000361492158845067
144,-8.344166417373344e-06,0.0004714456445071846,-0.0006612838478758931
145,4.234163134242408e-05,0.0009338609525002539,-0.0011709154350683093
146,-5.6367414799751714e-05,0.0011833087773993611,-0.0017434272449463606
147,-8.33249869174324e-05,0.0004662825376726687,-0.0008312786812894046
148,8.157558681887167e-07,-8.658303158881608e-06,1.370888639939949e-05
149,-2.3831805719964905e-06,-0.0004060004430357367,0.0005468943854793906
150,0.00010199415555689484,0.0006053714314475656,-0.0005830454756505787
151,2.0572249923134223e-05,4.127899956074543e-05,-7.607290626765462e-06
152,-0.00016127756680361927,-0.00018546714272815734,-0.00012835829693358392
153,-0.0002550613135099411,-0.00038726700586266816,-7.514430035371333e-05
154,-0.00031625351402908564,-0.00029289713711477816,-0.00034803891321644187
155,-8.001866808626801e-05,0.00027797918301075697,-0.000567213399335742
156,0.0005563760059885681,0.0008687173831276596,0.00013131473679095507
157,0.0003690830199047923,0.0009543368360027671,-0.0004273814265616238
158,0.00011980421550106257,0.00035790822585113347,-0.00020422841771505773
159,1.8807097148965113e-05,-0.000146378151839599,0.00024360556562896818
160,0.00016228752792812884,0.00025337564875371754,3.832686707028188e-05
161,-4.523396273725666e-05,0.00013074239541310817,-0.00028471794212237
162,-1.3337907148525119e-05,0.0001981088862521574,-0.00030109312501735985
163,8.5377563664224e-05,0.00046770324115641415,-0.00043492461554706097
164,0.0001056845358107239,0.0005632638931274414,-0.0005170293152332306
165,6.89793741912581e-05,-2.4802331608952954e-05,0.00019660574616864324
166,0.0002382083039265126,0.00023926205176394433,0.00023677431454416364
167,0.00023382474319078028,0.0005163542227819562,-0.00015066599007695913
168,1.5832280041649938e-05,0.00022424724011216313,-0.00026779694599099457
169,-4.7150424506980926e-05,0.00044545280979946256,-0.0007175278151407838
170,0.00013715168461203575,0.00044524396071210504,-0.0002821271773427725
171,0.00024318558280356228,0.0005018269293941557,-0.00010879614274017513
172,-6.942743493709713e-05,-0.00032451559673063457,0.00027771873283199966
173,7.956189074320719e-05,0.00019339632126502693,-7.535391341662034e-05
174,7.264034502441064e-05,0.00011595699470490217,1.3691267668036744e-05
175,0.000290475640213117,0.0002470978070050478,0.00034950795816257596
176,-0.00018401836859993637,-0.00018870124768000096,-0.00017764561926014721
177,4.841305781155825e-05,0.0005415720515884459,-0.0006227206322364509
178,5.3137013310333714e-05,3.1668700103182346e-05,8.23529771878384e-05
179,-8.879807137418538e-05,-4.463592995307408e-05,-0.00014889777230564505
180,-1.9826293282676488e-05,0.0003305321151856333,-0.0004966244450770319
181,4.9090645916294307e-05,0.00019840187451336533,-0.00015410508785862476
182,0.00015135105059016496,-2.8899687094963156e-05,0.00039665200165472925
183,0.0001262825244339183,-0.0002010980388149619,0.0005718105239793658
184,-2.3032947865431197e-05,0.0001613004133105278,-0.0002738898328971118
185,7.332885434152558e-05,-0.000526438991073519,0.0008895453065633774
186,-9.267438144888729e-05,-0.00048742699436843395,0.00044453932787291706
187,0.0002794729371089488,0.0004662509309127927,2.5289200493716635e-05
188,0.0006088289082981646,0.0005994538660161197,0.0006215872708708048
189,0.001329180900938809,0.0014653942780569196,0.0011438095243647695
190,0.0005246876971796155,0.0009651404689066112,-7.47188096283935e-05
191,-9.606494859326631e-05,-0.00019648860325105488,4.060031642438844e-05
192,9.818722901400179e-05,0.00018386266310699284,-1.8407396055408753e-05
193,1.8882418544308166e-06,0.0005737357423640788,-0.0007763318717479706
194,7.745676703052595e-05,-0.00011705769429681823,0.0003421690489631146
195,0.0001502900995546952,0.00053213577484712,-0.00036935872049070895
196,5.7271689001936466e-05,0.00016303107258863747,-8.66548580233939e-05
197,0.00015725917182862759,-0.00039684842340648174,0.0009113370324485004
198,0.00012023038289044052,0.0006033038371242583,-0.0005371780134737492
199,-5.310838787409011e-06,-0.00013020727783441544,0.0001646591117605567
200,6.0757876781281084e-05,0.0003820192359853536,-0.0003764425637200475
201,-0.00018766608263831586,0.0002920420083682984,-0.0008404944674111903
202,0.00014103029388934374,-0.0001558211079100147,0.0005450115422718227
203,0.00047559523954987526,-0.00010554340406088158,0.001266459352336824
204,0.00011528372851898894,3.449687210377306e-05,0.00022522550716530532
205,9.901797602651641e-05,0.00030421442352235317,-0.0001802312326617539
206,9.617170144338161e-05,-0.0002046978916041553,0.0005056211957708001
207,0.00017336544988211244,-0.0001979323715204373,0.0006786599988117814
208,-0.00015087817155290395,0.00034413469256833196,-0.0008245350327342749
209,-0.0003027431375812739,-5.2021521696588024e-05,-0.0006439469289034605
210,-0.0003348045574966818,0.0009023474995046854,-0.0020184279419481754
211,-0.00012483711179811507,-0.00012307184806559235,-0.00012723942927550524
212,-5.615191548713483e-05,6.590330940525746e-06,-0.00014153693336993456
213,5.8841884310822934e-05,-0.0001799499586923048,0.00038381057674996555
214,8.145536412484944e-05,-0.0001186349691124633,0.0003537556913215667
215,0.0003920483577530831,-0.0003605831880122423,0.0014162949519231915
216,4.574500417220406e-05,0.0004474119923543185,-0.0005008784355595708
217,0.00015231285942718387,0.0003104330971837044,-6.287093856371939e-05
218,1.5116382201085798e-05,0.00010716632823459804,-0.00011015317431883886
219,0.0008006345015019178,0.0007721757283434272,0.0008393636671826243
220,0.0004911564756184816,0.00041518863872624934,0.0005945402081124485
221,0.0009912517853081226,0.001287763356231153,0.0005877329385839403
222,0.00017224687326233834,0.0005037144292145967,-0.0002788430720102042
223,0.00016409700037911534,0.00014095350343268365,0.00019559264183044434
224,0.00010776222916319966,0.00015398988034576178,4.485156387090683e-05
225,-1.4646639101556502e-05,-0.00024065794423222542,0.00029292923863977194
226,0.0001342964096693322,-0.00014534243382513523,0.0005148532800376415
227,0.00027736747870221734,-0.0005089500336907804,0.001347456476651132
228,0.00024154660059139132,-0.00022463347704615444,0.0008759651682339609
229,0.00017994322115555406,-0.0002481520641595125,0.0007625325815752149
230,4.6955810830695555e-05,0.00018353144696447998,-0.00013890824629925191
231,0.00014107035531196743,0.00012358595267869532,0.0001648646721150726
232,0.00025632709730416536,-0.0003406174073461443,0.0010687010362744331
233,7.11430111550726e-05,5.2658891945611686e-05,9.629780834075063e-05
234,0.0003283930418547243,-0.00030635384609922767,0.0011922119883820415
235,-8.82302538229851e-06,-0.0003333242784719914,0.000432786502642557
236,0.0002138886193279177,-0.0003042409080080688,0.000919004378374666
237,0.0001762327301548794,4.09717031288892e-05,0.00036030772025696933
238,7.866335363360122e-05,-0.0004139174416195601,0.0007490101852454245
239,3.6156674468657e-05,0.00021317093342076987,-0.0002047397574642673
240,-0.00028085560188628733,5.55041988263838e-05,-0.0007386034703813493
241,-9.181303903460503e-05,-0.000643018982373178,0.0006583159556612372
242,-7.826233195373788e-05,0.0009529144736006856,-0.001481577637605369
243,-0.00025430493406020105,-0.00013123961980454624,-0.0004217828973196447
244,-0.00017320108599960804,0.0006020241999067366,-0.0012281951494514942
245,0.00017549283802509308,8.750465349294245e-05,0.0002952348440885544
246,0.0003960329049732536,-0.00012389606854412705,0.0011035972274839878
247,3.790929895330919e-06,9.499249426880851e-05,-0.0001203240972245112
248,-5.704940849682316e-05,-0.0005932093481533229,0.0006726037827320397
249,0.00011668605293380097,0.0003350675688125193,-0.0001805065112421289
250,0.00012868427438661456,-5.2755498472834006e-05,0.00037560335476882756
251,3.811519854934886e-05,-7.060731149977073e-05,0.00018607423407956958
252,0.00048214950948022306,0.0005249818204902112,0.0004238596302457154
253,0.00024718581698834896,0.0002975146926473826,0.0001786938519217074
254,-8.541173883713782e-05,-0.00016003078781068325,1.613638778508175e-05
255,-6.162881618365645e-05,-0.00020227122877258807,0.0001297696289839223
256,6.118379133113194e-06,-0.0002723154320847243,0.0003850353532470763
257,0.00011315407027723268,0.00050794065464288,-0.00042410590685904026
258,4.800675742444582e-05,-1.948771569004748e-05,0.0001398591120960191
259,7.880778139224276e-05,2.895072611863725e-05,0.00014665760681964457
260,7.260896381922066e-05,-0.0005118864355608821,0.000868041068315506
261,0.00026860457728616893,-0.0007491913274861872,0.0016537097981199622
262,0.00033039471600204706,0.0002998507407028228,0.0003719614469446242
263,0.0002813580504152924,-5.6927292462205514e-05,0.000741726194974035
264,0.00041897414484992623,-0.0005223768530413508,0.001700046705082059
265,8.790631545707583e-05,1.0989242582581937e-05,0.00019258174870628864
266,0.0005146369803696871,-0.00022777062258683145,0.0015249700518324971
267,8.704676474735606e-06,6.341934295051033e-06,1.19200949484366e-05
268,3.604472794904723e-06,-0.00039193761767819524,0.0005418926011770964
269,-0.00013223641144577414,-0.00034635906922630966,0.00015916029224172235
270,0.00018168616225011647,0.0011480507673695683,-0.001133427140302956
271,-8.888661977835e-05,0.000278161111054942,-0.0005883970879949629
272,0.0001934121100930497,0.00027050875360146165,8.849227015161887e-05
273,-6.156617746455595e-05,8.400237129535526e-05,-0.0002596685371827334
274,-0.0003066903736907989,-0.0004927150439471006,-5.353165397536941e-05
275,-9.363436402054504e-05,-3.591705171857029e-05,-0.00017218109860550612
276,0.0001362859911751002,-6.116239819675684e-05,0.00040499091846868396
277,0.0002745925448834896,0.00015964887279551476,0.0004310179501771927
278,0.0007808867376297712,-8.834176696836948e-05,0.0019638086669147015
279,0.0002094382798532024,-0.0006098753656260669,0.0013244315050542355
280,-0.00010257543181069195,5.838190918439068e-05,-0.0003216202894691378
281,0.00012043929018545896,0.0010333674727007747,-0.001121952780522406
282,1.2910408258903772e-05,1.2502493518695701e-05,1.346553472103551e-05
283,0.00016847325605340302,0.00037444449844770133,-0.0001118303625844419
284,1.5402325516333804e-05,-8.77035126904957e-05,0.0001557177456561476
285,0.00011115809320472181,0.00021765593555755913,-3.377344546606764e-05
286,5.944136864854954e-05,0.00015285932749975473,-6.768990715499967e-05
287,4.939138671034016e-05,-0.00013899803161621094,0.00030576810240745544
288,3.42249077220913e-05,0.0002767942496575415,-0.00029588458710350096
289,0.00011498568346723914,-0.00014776441093999892,0.00047255889512598515
290,0.00018298215582035482,0.0008518652757629752,-0.0007272921502590179
291,0.00045275871525518596,-0.00026654102839529514,0.0014316444285213947
292,0.00020076030341442674,-0.00017606938490644097,0.0007135830237530172
293,6.728808511979878e-05,-7.283042941708118e-05,0.0002579735592007637
294,0.0004803221090696752,-0.0001450827403459698,0.0013314270181581378
295,0.0003384572046343237,0.0003358376561664045,0.0003420222783461213
296,0.0001700750581221655,-0.0001027303296723403,0.0005413324106484652
297,0.00012009217607555911,0.00022387584613170475,-2.114567905664444e-05
298,0.0002407386346021667,-0.00021494370594155043,0.0008608708740212023
299,0.00034371280344203115,-0.0004865449445787817,0.0014736001612618566
300,-3.444392132223584e-05,0.00016923074144870043,-0.0003116221050731838
301,-0.00010382989421486855,0.0004823263443540782,-0.0009015222894959152
302,-8.656502905068919e-05,0.0005420410889200866,-0.000942027079872787
303,0.00012521978351287544,0.0002083833096548915,1.204361342388438e-05
304,0.00016341215814463794,-0.0002376053889747709,0.0007091517909429967
305,2.5032741177710705e-06,0.00025998865021392703,-0.000347905297530815
306,-6.963952910155058e-05,0.00010238824324915186,-0.0003037498681806028
307,6.171441054902971e-05,-0.0003737940569408238,0.0006543923518620431
308,0.0006201288779266179,-0.0006087492220103741,0.002292493125423789
309,0.000578556617256254,-5.6064305681502447e-05,0.001442203763872385
310,0.0006695556221529841,-0.00011389502469683066,0.001735744415782392
311,-1.999988489842508e-05,2.435737224004697e-05,-8.036507642827928e-05
312,0.00032680752337910235,0.0005123052978888154,7.436609303113073e-05
313,0.00017775407468434423,0.00011536032980075106,0.00026266492204740644
314,-7.518466736655682e-05,-0.00035524502163752913,0.0003059457812923938
315,-2.7261648938292637e-06,-0.00042596878483891487,0.0005732592544518411
316,0.0005289773689582944,0.001189507427625358,-0.0003699295630212873
317,2.467394369887188e-05,0.00034335791133344173,-0.00040901891770772636
318,0.0004842992057092488,0.0013972261222079396,-0.0007580912206321955
319,7.476151222363114e-05,5.634740591631271e-05,9.982103802030906e-05
320,0.00017064444546122104,-0.0003583235084079206,0.0008905102149583399
321,0.00024006424064282328,2.8450313038774766e-05,0.0005280469777062535
322,0.0001324853510595858,-0.0002663042687345296,0.0006751929759047925
323,0.000360518490197137,-0.00022581453958991915,0.0011584514286369085
324,0.00018482985615264624,4.012346107629128e-05,0.00038175893132574856
325,7.618674862897024e-05,-8.872606122167781e-05,0.0003006144834216684
326,0.00028675011708401144,0.0004495834291446954,6.515230779768899e-05
327,0.00038452629814855754,3.771622868953273e-05,0.0008564956951886415
328,7.241855200845748e-05,-0.00041834928561002016,0.0007402981864288449
329,-3.0578653422708157e-06,-0.00012717291247099638,0.00016584864351898432
330,0.00026962708216160536,0.0003748779708985239,0.00012639244960155338
331,0.00012358897947706282,0.00020871621381957084,7.740454748272896e-06
332,0.00021586852381005883,-0.00011103833094239235,0.0006607520044781268
333,0.00011296680895611644,0.00036054514930583537,-0.0002239593886770308
334,1.4240019481803756e-05,-0.0004235404485370964,0.000610009825322777
335,0.00014003970136400312,0.0004994177143089473,-0.00034903312916867435
336,0.00010778247815323994,0.0004365017812233418,-0.0003395673120394349
337,7.762492168694735e-05,-0.00013510968710761517,0.0003671327722258866
338,0.00019438954768702388,0.0003238825302105397,1.8164184439228848e-05
339,0.0004331573436502367,-0.00019572796009015292,0.0012889993377029896
340,0.0008568314951844513,-0.0003285837301518768,0.002470046281814575
341,0.00053472223225981,-0.00045200789463706315,0.0018775510834529996
342,0.0006391777424141765,-0.0006267974968068302,0.002362026134505868
343,0.0002437970251776278,-0.0005126887699589133,0.001273288857191801
344,0.00013135229528415948,-0.0002558207488618791,0.0006582511123269796
345,7.460329652531072e-05,6.973107520025223e-05,8.123381849145517e-05
346,3.6739926144946367e-05,-9.74475042312406e-05,0.0002193538675783202
347,-0.00010388566442998126,0.00026297569274902344,-0.000603142601903528
348,0.0001180044055217877,0.0005567929474636912,-0.0004791372630279511
349,0.00030051948851905763,-7.590858876938e-05,0.0008127955952659249
350,9.093924018088728e-05,0.0008957423851825297,-0.0010043070651590824
351,8.020168024813756e-05,0.00025254301726818085,-0.00015433540102094412
352,0.00027289256104268134,-0.0004637883394025266,0.0012754319468513131
353,0.00019078658078797162,8.242244803113863e-05,0.000338257901603356
354,6.110716640250757e-05,-7.87751778261736e-05,0.00025147123960778117
355,0.00023720167519059032,-5.6980275985552e-05,0.0006375500815920532
356,0.0001628851459827274,-0.00021703296806663275,0.00067991076502949
357,0.0002750377752818167,0.00011859161168104038,0.00048794326721690595
358,0.00026768032694235444,0.0003145769878756255,0.00020385936659295112
359,0.00033167158835567534,0.00037939142202958465,0.00026673037791624665
360,9.718711953610182e-05,0.0001699752319836989,-1.8692620642468682e-06
361,2.960612255265005e-05,0.00015973328845575452,-0.00014748226385563612
362,0.00011401648225728422,3.9568301872350276e-05,0.00021533211111091077
363,0.00045728025725111365,2.0696676074294373e-05,0.0010514211608096957
364,0.00027762845274992287,0.0002617043792270124,0.00029929925221949816
365,0.0002927956229541451,0.0007513074669986963,-0.0003311872133053839
366,0.00023756471637170762,6.755131471436471e-05,0.00046893369290046394
367,5.8253182942280546e-05,-9.347509148938116e-06,0.00015025012544356287
368,7.011766138020903e-05,0.00048006189172156155,-0.00048777012852951884
369,-9.433928789803758e-05,0.00027721122023649514,-0.0005999776185490191
370,8.228232036344707e-05,-0.00011364910460542887,0.00034892288385890424
371,0.0007987162680365145,0.00010985250992234796,0.0017361822538077831
372,0.00038317139842547476,-0.0004655448719859123,0.001538178650662303
373,0.0003209330316167325,-0.00011017931683454663,0.0009076282731257379
374,8.33902377053164e-05,-9.544302156427875e-05,0.00032676212140358984
375,0.00030126061756163836,-0.0003942488692700863,0.001247770618647337
376,0.0001979839726118371,-9.654177847551182e-05,0.0005988002521917224
377,0.00016106781549751759,-0.0006132930284366012,0.0012148853857070208
378,5.286145551508525e-06,-0.0003306125581730157,0.0004624063440132886
379,-3.415817673158017e-06,-0.0002350041613681242,0.00031174978357739747
380,-4.069621718372218e-05,0.0006593468715436757,-0.000993375782854855
381,0.00020345108350738883,0.0004194065404590219,-9.043989120982587e-05
382,8.341914508491755e-05,-3.213997115381062e-05,0.00024068205675575882
383,0.00026813955628313124,0.0007045913371257484,-0.00032582206767983735
384,0.000349155132425949,0.0004115547926630825,0.00026423620874993503
385,4.8162641178350896e-05,-0.0004583323316182941,0.0007374452543444932
386,-5.5575579608557746e-05,0.0001408608804922551,-0.00032290341914631426
387,0.00022316414106171578,-0.00013088120613247156,0.0007049799314700067
388,4.0659211663296446e-05,0.0004098743083886802,-0.0004618008097168058
389,0.00013799387670587748,0.0003103181079495698,-9.651995060266927e-05
390,0.0002597347483970225,0.00022862496552988887,0.00030207159579731524
391,0.00014856737107038498,7.465141970897093e-05,0.00024915862013585865
392,-0.0001176059668068774,0.0002521286078263074,-0.0006207728292793036
393,-0.000238585562328808,0.00024225129163824022,-0.0008929501054808497
394,-1.2191529776828247e-06,-8.78175997058861e-05,0.00011663155601127073
395,-8.905489812605083e-05,0.00014347243995871395,-0.000405498401960358
396,-8.501720731146634e-05,0.00031445440254174173,-0.0006286528659984469
397,0.00033519111457280815,-3.696971543831751e-05,0.0008416600176133215
398,0.0002611770760267973,-7.851432746974751e-05,0.000723458593711257
399,0.0001728243805700913,0.00046008199569769204,-0.00021810077305417508
400,4.3322907004039735e-05,-0.0002741411735769361,0.0004753556859213859
401,0.00016118824714794755,-0.00017913227202370763,0.0006243259995244443
402,0.0002762994554359466,-6.758407107554376e-05,0.0007442861096933484
403,0.0006118732271715999,-8.728698594495654e-05,0.0015633514849469066
404,0.0003451709926594049,-6.881466561026173e-07,0.0008158463751897216
405,0.0007179665262810886,-0.0008677592850290239,0.002875959500670433
406,0.00012461535516195,-0.0003628260164987296,0.0007879681070335209
407,-2.9671120501006953e-05,-0.00015329149027820677,0.00013856225996278226
408,-9.728813893161714e-05,-0.0004562826652545482,0.0003912628744728863
409,4.3761061533587053e-05,-0.0003756671503651887,0.0006145555526018143
410,0.00013639034295920283,-0.0003438177809584886,0.000789899262599647
411,-0.00027345336275175214,-0.0006275736959651113,0.0002084644656861201
412,-2.0076400687685236e-05,0.000468556972919032,-0.000685051316395402
413,0.00015363148122560233,0.0002598692663013935,9.053833309735637e-06
414,6.770652544219047e-05,0.00030010921182110906,-0.00024856740492396057
415,8.561467984691262e-05,0.00030893360963091254,-0.00021829718025401235
416,0.0001216441232827492,-0.00014880260278005153,0.0004896916216239333
417,-0.00014035987260285765,-0.00023199673159979284,-1.5652445654268377e-05
418,3.7922767660347745e-05,0.00010851533443201333,-5.8145742514170706e-05
419,6.570191180799156e-05,-0.00012488532229326665,0.00032506961724720895
420,5.2344654250191525e-05,9.211398719344288e-05,-1.7769109490473056e-06
421,-6.249184662010521e-05,0.00010171607573283836,-0.0002859602391254157
422,-1.971063102246262e-05,0.0003541695768944919,-0.0005285193328745663
423,8.594377140980214e-05,0.00015984765195753425,-1.4631062185799237e-05
424,-1.7691170796751976e-05,-0.0003770052862819284,0.0004712947702500969
425,-0.0003234701289329678,0.0005248886300250888,-0.0014779906487092376
426,-0.00011911378533113748,-0.0002668938832357526,8.199825970223173e-05
427,-9.66359511949122e-05,7.137748616514727e-05,-0.00032528326846659184
428,-5.218109436100349e-05,0.0006870883516967297,-0.0010582434479147196
429,0.00017648057837504894,0.0001421058550477028,0.0002232606493635103
430,0.000187991390703246,-0.0004271918733138591,0.0010251861531287432
431,5.36625120730605e-05,-0.00013460053014568985,0.000309867289615795
432,-2.0787387256859802e-05,-0.00020817032782360911,0.00023421963851433247
433,-2.1956333512207493e-05,0.00022150922450236976,-0.0003532854898367077
434,0.0002437306975480169,-1.7632995877647772e-05,0.0005994173116050661
435,9.437710832571611e-05,-0.00016223527200054377,0.00044359758612699807
436,0.0007448475807905197,-0.0006817893008701503,0.0026863389648497105
437,0.0004705626342911273,-7.427966193063185e-05,0.0012120313476771116
438,0.00015491570229642093,-0.0003748729359358549,0.0008758981712162495
439,4.6368524635909125e-05,-0.00014145727618597448,0.0003019782016053796
440,-7.555418414995074e-05,-0.0007698690169490874,0.0008693299605511129
441,-4.770917075802572e-05,-2.8391236810421105e-06,-0.00010877225577132776
442,0.00023449375294148922,-0.00037154913297854364,0.0010592496255412698
443,-0.0001275952672585845,-0.00010897124593611807,-0.0001529404689790681
444,5.1589711802080274e-05,0.00028913348796777427,-0.0002716805611271411
445,-9.633607987780124e-05,0.0006989585817791522,-0.0011786422692239285
446,-2.3010426957625896e-05,0.0005492551135830581,-0.0008017992950044572
447,8.619137952337041e-05,3.238518957004999e-06,0.0001990808523260057
448,0.0001282887242268771,0.00013979444338474423,0.00011263063788646832
449,3.486684727249667e-05,-0.0001698389824014157,0.00031344828312285244
450,-0.00010558310168562457,-0.0002677733718883246,0.00011513951176311821
451,-0.00010995227057719603,0.00042795552872121334,-0.0008419840014539659
452,-0.000196956199943088,-0.00019456139125395566,-0.00020021526142954826
453,-3.70770285371691e-05,1.772889299900271e-05,-0.00011166171316290274
454,0.00018255172471981496,-3.0514753234456293e-05,0.0004725110193248838
455,-0.0002597651327960193,0.0006472293753176928,-0.0014940823893994093
456,-0.00016033838619478047,0.0005467610899358988,-0.0011226208880543709
457,-1.628947939025238e-05,0.0002835393825080246,-0.00042432270129211247
458,6.21726576355286e-05,2.1294576072250493e-05,0.00011780313070630655
459,-0.00019816667190752923,0.0004777038411702961,-0.0011179501889273524
460,0.00011066176375607029,-7.416053995257244e-05,0.00036218410241417587
461,0.00012152799172326922,-0.0006697672652080655,0.001198391430079937
462,7.569799345219508e-05,-7.1865099016577e-05,0.0002765147073660046
463,-0.00010709882917581126,-6.484455752797658e-06,-0.00024402358394581825
464,3.7710378819610924e-05,0.00015167341916821897,-0.00011738041212083772
465,0.00012599831097759306,-1.1481267392809968e-05,0.0003130924596916884
466,0.0005219912272877991,0.0002024267305387184,0.0009568823734298348
467,0.00026030841399915516,0.0003732807526830584,0.00010656580707291141
468,0.00031802989542484283,-0.0006518247537314892,0.001637892099097371
469,0.0006105232750996947,1.9801811504294164e-05,0.0014144285814836621
470,0.00034600673825480044,4.626777445082553e-05,0.000753917673137039
471,0.00027272748411633074,-0.00014799718337599188,0.0008452864130958915
472,-7.755742990411818e-05,-0.00022249195899348706,0.0001196820885525085
473,3.642022056737915e-05,-8.807508856989443e-05,0.00020584427693393081
474,-0.00029276919667609036,-0.00018811401969287544,-0.0004351930401753634
475,0.00018191916751675308,0.0007637435337528586,-0.0006098782178014517
476,-4.4849668483948335e-05,0.0012820659903809428,-0.001850632019340992
477,0.00010620792454574257,0.0013627923326566815,-0.0016038615722209215
478,7.285658648470417e-05,3.0992825486464426e-05,0.00012982843327336013
479,0.000193661471712403,0.0006953499978408217,-0.0004890799173153937
480,5.931272971793078e-05,-0.0003975774743594229,0.0006810886552557349
481,4.9672427849145606e-05,-0.0005207642680034041,0.0008259724709205329
482,-0.00013893897994421422,-0.0003612543805502355,0.00016360715380869806
483,-8.861886453814805e-05,-0.0003683340910356492,0.00029204197926446795
484,0.00012663600500673056,2.9603110306197777e-05,0.0002586868067737669
485,-5.173464887775481e-05,0.00015941531455609947,-0.0003390859055798501
486,-1.569774940435309e-05,0.0005167931085452437,-0.0007403577910736203
487,-0.0003433313686400652,0.0004062073421664536,-0.001363369170576334
488,9.547061927150935e-05,-4.250120127835544e-06,0.00023117923410609365
489,-3.604799712775275e-05,0.0003563544596545398,-0.0005700635374523699
490,0.0002684908686205745,2.3951883122208528e-05,0.0006012808298692107
491,0.00038128189044073224,-0.00045532482909038663,0.0015198092442005873
492,0.00010283135634381324,-0.0009193742880597711,0.0014939378015697002
493,0.00025008554803207517,-0.0003775711520574987,0.0011042555561289191
494,0.00029550379258580506,0.00035227183252573013,0.00021824892610311508
495,0.00014523173740599304,0.00012093853001715615,0.00017829201533459127
496,0.00018135766731575131,-0.0007166061550378799,0.0014033849583938718
497,3.1507747735304292e-06,0.00018732398166321218,-0.0002474880893714726
498,0.0007073045708239079,0.0007018547621555626,0.0007147212163545191
499,0.0012333473423495889,0.0011062785051763058,0.0014062735717743635
500,0.0008218182483687997,3.119963366771117e-05,0.001897761132568121
501,0.000318547070492059,-0.00035245437175035477,0.0012317042564973235
502,0.0003645711112767458,-0.00016913360741455108,0.0010908831609413028
503,7.256679964484647e-05,-0.00018298078794032335,0.00042033818317577243
504,3.1972180295269936e-05,0.0002113849186571315,-0.0002121882716892287
505,-1.9651177353807725e-05,2.0526867956505157e-05,-7.432892743963748e-05
506,-4.193095810478553e-05,-0.00031414339900948107,0.00032851952710188925
507,-0.00026091531617566943,9.607103129383177e-05,-0.0007467333343811333
508,-4.730074215331115e-05,7.813144475221634e-05,-0.00021799979731440544
509,-9.355196380056441e-05,0.0007870394038036466,-0.001291937311179936
510,-4.8529494961258024e-05,0.00017430508160032332,-0.0003517822187859565
511,1.9619110389612615e-06,0.00020092302293051034,-0.0002688016975298524
512,4.9142272473545745e-06,3.966746589867398e-05,-4.238100518705323e-05
513,-0.000128394560306333,-8.236037683673203e-05,-0.00019104186503682286
514,-0.000280064094113186,-0.00011472631740616634,-0.0005050700274296105
515,-0.0001241933205164969,-7.47627709642984e-05,-0.00019146273552905768
516,-1.8164100765716285e-05,3.1393014069180936e-05,-8.560573041904718e-05
517,-7.019057647994487e-06,0.0004159439995419234,-0.0005826240521855652
518,4.0558388718636706e-05,0.0002848777803592384,-0.00029193275258876383
519,-0.00013368038344196975,0.0002079824189422652,-0.0005986448959447443
520,-0.00016359725850634277,8.706437074579298e-05,-0.0005047193262726068
521,0.0003438698477111757,-0.00037818995770066977,0.0013265114976093173
522,4.8869864258449525e-05,1.3834900528308935e-05,9.654850146034732e-05
523,0.00011120150156784803,-4.1868421249091625e-05,0.00031951238634064794
524,0.00019294396042823792,-0.0006803532014600933,0.0013814029516652226
525,0.0005182401509955525,-0.0002177241985918954,0.0015198045875877142
526,0.00019355870608706027,-0.0004985342384316027,0.0011354192392900586
527,0.00021272845333442092,-0.0004082118975929916,0.0010577583452686667
528,3.0169640012900345e-05,1.2125174180255271e-05,5.472612247103825e-05
529,0.00018847854516934603,0.0002935408556368202,4.5500612031901255e-05
530,0.0005931109772063792,0.0005218207370489836,0.0006901288870722055
531,0.000733273453079164,0.0007428968674503267,0.0007201770786195993
532,0.0002985042810905725,-0.0001273315865546465,0.0008780188509263098
533,0.0004662594583351165,-0.0004972910974174738,0.0017775432206690311
534,0.00019847571093123406,0.0005151939112693071,-0.0002325420209672302
535,2.0840026991209015e-05,0.0005585356848314404,-0.0007109031430445611
536,-2.477557245583739e-05,-9.815145313041285e-05,7.508071576012298e-05
537,-0.00018194620497524738,0.00028235631179995835,-0.0008138095145113766
538,-8.37887855595909e-05,-0.0001676526735536754,3.0340490411617793e-05
539,0.00018106370407622308,0.000907308014575392,-0.0008072726195678115
540,-6.685961852781475e-05,0.0009580189944244921,-0.0014616036787629128
541,4.617645117832581e-06,5.673125997418538e-06,3.181277634212165e-06
542,9.116231376538053e-05,0.0001454842567909509,1.7236276107723825e-05
543,2.149918145732954e-05,-6.0679118178086355e-05,0.00013333457172848284
544,2.5597841158742085e-05,-0.0003540990874171257,0.0005423223483376205
545,3.706899951794185e-05,-0.0004144254489801824,0.0006515019340440631
546,-7.345069025177509e-05,-8.168900239979848e-05,-6.223927630344406e-05
547,-2.0188334019621834e-05,-2.5414361516595818e-05,-1.3076301911496557e-05
548,0.00031162131926976144,-0.00010392180411145091,0.0008771286229602993
549,-7.778347935527563e-05,0.0004106641572434455,-0.0007425055373460054
550,0.00017309733084402978,-0.0002303965884493664,0.0007222070125862956
551,7.555398769909516e-05,0.000359077617758885,-0.00031028964440338314
552,-1.3686162674275693e-05,0.0003476159763522446,-0.0005053775967098773
553,3.586428283597343e-05,0.0002767143305391073,-0.0002919054531957954
554,-0.00037212108145467937,0.00042572623351588845,-0.001457901205867529
555,-0.00010429592657601461,6.823274816269986e-06,-0.0002555165847297758
556,0.00022246927255764604,-0.000500971800647676,0.0012069910299032927
557,0.0002665547654032707,-0.0004478688642848283,0.001238804659806192
558,0.0002493866777513176,-0.0009252217132598162,0.0018478961428627372
559,0.00013644655700773,-0.00040540986810810864,0.0008738520555198193
560,0.00022085770615376532,0.00011390138388378546,0.00036641312181018293
561,0.0007233005599118769,0.0005558059783652425,0.000951241934671998
562,0.00020086187578272074,0.0006694259354844689,-0.00043680091039277613
563,-1.745683402987197e-05,-0.0001669660268817097,0.00018600831390358508
564,1.0612391633912921e-05,-0.0005458298255689442,0.000767867430113256
565,0.0003833847586065531,0.00011697522131726146,0.0007459380431100726
566,0.00015432963846251369,0.00023634637182112783,4.271417128620669e-05
567,-4.691560025094077e-05,-0.00032696177368052304,0.00033419561805203557
568,-6.198265327839181e-05,-0.00036583663313649595,0.00035152831696905196
569,-8.439842349616811e-05,-0.0002333394659217447,0.00011829354480141774
570,-8.095913653960451e-05,0.0003597875765990466,-0.0006807656609453261
571,-1.27252842503367e-05,0.000245981034822762,-0.0003647953853942454
572,-0.0001472924486733973,0.0003942790790461004,-0.0008843099931254983
573,-0.00013026903616264462,0.0004158550582360476,-0.0008734823204576969
574,6.462880992330611e-05,0.0005859250668436289,-0.0006447966443374753
575,9.954303823178634e-05,0.00026216445257887244,-0.0001217662647832185
576,2.6070109015563503e-05,-0.000758530106395483,0.0010938226478174329
577,7.353253749897704e-05,4.224547592457384e-05,0.00011611069203354418
578,-0.00014713042764924467,-6.794973887735978e-05,-0.0002548864285927266
579,0.00023924774723127484,9.361920820083469e-05,0.0004374317650217563
580,0.00031957394094206393,-2.507483441149816e-05,0.0007886019302532077
581,-8.574556704843417e-05,0.0004518256464507431,-0.000817319261841476
582,6.200154166435823e-05,0.00015389487089123577,-6.305489660007879e-05
583,0.00024312434834428132,9.905974002322182e-05,0.0004391800321172923
584,-4.5596931158797815e-05,-0.00010669822950148955,3.7555040762526914e-05
585,0.00038555983337573707,-1.9482858988340013e-05,0.0009367772145196795
586,0.00012830895138904452,5.220996172283776e-05,0.00023187104670796543
587,-0.00034131555003114045,-0.00013196344661992043,-0.0006262201932258904
588,0.00013739180576521903,8.235260611400008e-05,0.00021229394769761711
589,0.0005417703650891781,0.00012171498383395374,0.0011134182568639517
590,0.0001440871856175363,0.00031415815465152264,-8.736020390642807e-05
591,3.1619067158317193e-05,-0.00025322206784039736,0.00041925563709810376
592,0.0001370413665426895,-0.00029311393154785037,0.0007224341970868409
593,5.63321664230898e-05,-0.00030589112429879606,0.0005492771742865443
594,-0.00018938582798000425,0.0001122100293287076,-0.0005998237757012248
595,0.0008230495150201023,0.0011655810521915555,0.00035690265940502286
596,0.000513347506057471,0.00041973794577643275,0.0006407397449947894
597,-9.136930020758882e-05,-0.0001876173191703856,3.961341644753702e-05
598,-0.0001114785045501776,2.9457321943482384e-05,-0.00030327620333991945
599,-0.0001637826644582674,-7.49383179936558e-05,-0.00028468985692597926
600,1.415564474882558e-05,0.0004606773145496845,-0.0005935099325142801
601,-0.00015067493950482458,-0.000538367428816855,0.0003769307513721287
602,-0.0001606503501534462,-0.0005767063121311367,0.0004055547760799527
603,-0.0002938742109108716,-3.891229789587669e-05,-0.0006408485351130366
604,-0.0001332899264525622,0.0006232514278963208,-0.0011628572829067707
605,5.180818334338255e-05,0.0005832398310303688,-0.0006714105256833136
606,0.000163753327797167,0.000870738469529897,-0.0007983735995367169
607,0.00025896733859553933,0.00021577446023002267,0.00031774802482686937
608,1.9009974494110793e-05,-1.5537914805463515e-05,6.602578650927171e-05
609,-4.473650551517494e-05,-4.2523366573732346e-05,-4.77483517897781e-05
610,1.0859685971809085e-05,-0.00035166440648026764,0.000504214083775878
611,0.0004449280968401581,-0.00026521505787968636,0.0014113530050963163
612,9.352719644084573e-05,0.00012771235196851194,4.700501813204028e-05
613,5.687113298336044e-05,8.154021634254605e-05,2.3299320673686452e-05
614,-5.6586708524264395e-05,0.00023554837389383465,-0.0004541495582088828
615,-8.216565038310364e-05,0.0004470116982702166,-0.0008023162372410297
616,-9.90631633612793e-06,-0.00014031595492269844,0.00016756649711169302
617,0.0006899545551277697,-0.00018128262308891863,0.0018756097415462136
618,0.0005262354970909655,-0.00010141434177057818,0.0013803959591314197
619,-0.00010073419252876192,0.00016878507449291646,-0.00046751953777857125
620,-9.474208127357997e-06,-0.0002925550506915897,0.0003757668018806726
621,0.00018852800712920725,-0.00019308761693537235,0.0007078636554069817
622,0.00018502962484490126,0.0002935125958174467,3.739652311196551e-05
623,-4.55489062005654e-05,0.0005714287399314344,-0.0008851858437992632
624,-8.434338087681681e-05,2.482661511749029e-05,-0.00023291134857572615
625,7.234672921185847e-06,0.0005058347596786916,-0.0006713037728331983
626,0.00021773319167550653,0.00015481613809242845,0.000303356209769845
627,0.0004964363761246204,0.00016950855206232518,0.0009413481457158923
628,0.0005700180190615356,0.0003894057881552726,0.0008158108685165644
629,0.00042653665877878666,6.261366070248187e-05,0.0009217948536388576
630,0.0002489204634912312,0.00030792102916166186,0.00016862727352418005
631,0.0001173215641756542,-0.00013926868268754333,0.0004665119049604982
632,-0.00025055406149476767,-0.00025179394287988544,-0.0002488666505087167
633,-0.00027641523047350347,0.0002688528911676258,-0.0010184634011238813
634,-6.824378488090588e-06,-0.00022278944379650056,0.00028707977617159486
635,6.401888822438195e-05,0.0001966622075997293,-0.00011649374209810048
636,-0.00011597276898100972,0.0002816477499436587,-0.0006570894038304687
637,-1.759299084369559e-05,0.0004992650356143713,-0.0007209782488644123
638,-2.833638518495718e-06,-6.392408249666914e-05,8.030355820665136e-05
639,2.2040961994207464e-05,0.00034592734300531447,-0.00041873182635754347
640,0.000190033097169362,5.98620499658864e-05,0.0003671812009997666
641,0.00016654733917675912,0.000532908015884459,-0.00033202816848643124
642,0.0001309560757363215,4.083174280822277e-05,0.00025360510335303843
643,0.00012219038035254925,0.0001432739372830838,9.34980416786857e-05
644,0.0004184943391010165,7.420389738399535e-05,0.0008870347519405186
645,0.0001975069026229903,-0.00023337981838267297,0.0007838952005840838
646,0.0004666712193284184,-0.00032880075741559267,0.0015492188977077603
647,0.00020153984951321036,-0.00023839058121666312,0.0008002354297786951
648,-0.00017137783288490027,0.00022931152489036322,-0.0007166708819568157
649,-1.250253899343079e-05,-0.00043238914804533124,0.0005589157226495445
650,9.128866076935083e-05,9.07129724510014e-05,9.207209222950041e-05
651,0.00023834635794628412,-0.00037570431595668197,0.0010740000288933516
652,6.217420377652161e-06,-8.899458771338686e-05,0.00013579020742326975
653,0.00012201325444038957,-0.000300935294944793,0.0006975984433665872
654,0.00013059712364338338,1.4337345419335179e-05,0.00028881357866339386
655,7.568052751594223e-06,0.0007466892129741609,-0.0009982924675568938
656,-0.00037836810224689543,0.0001761612220434472,-0.001133020268753171
657,-0.00023563785362057388,-0.00030428305035457015,-0.00014221937453839928
658,-3.640182694653049e-05,-5.398132270784117e-05,-1.247811542270938e-05
659,0.00030190980760380626,0.0003891988017130643,0.00018311929306946695
660,0.0003313434135634452,0.00013702039723284543,0.0005957951070740819
661,0.00022410511155612767,-0.00030796052305959165,0.0009481863817200065
662,0.00026881933445110917,0.00016658694949001074,0.0004079461214132607
663,0.00020154521916992962,-0.00015437020920217037,0.0006859059212729335
664,4.202092895866372e-05,-7.441078923875466e-05,0.00020047134603373706
665,-0.0002893884666264057,0.00028216661303304136,-0.001067210454493761
666,-0.00018056969565805048,-0.0001576020149514079,-0.00021182613272685558
667,7.051978900562972e-05,0.0003774097131099552,-0.0003471227828413248
668,1.6727062757126987e-05,-0.00014674884732812643,0.00023919931845739484
669,-7.525631372118369e-05,-3.1598763598594815e-05,-0.00013466931704897434
670,4.564600749290548e-05,0.00012582054478116333,-6.346248846966773e-05
671,0.00014469455345533788,0.00014878369984216988,0.00013912968279328197
672,-2.5215669666067697e-05,0.00014907449076417834,-0.0002624048793222755
673,0.00046115650911815464,0.0004782922042068094,0.00043783659930340946
674,0.00032721884781494737,0.00018521971651352942,0.000520463683642447
675,-3.773616117541678e-05,0.0005607245839200914,-0.0008521737181581557
676,0.00023866516130510718,3.8213376683415845e-05,0.0005114575033076108
677,5.2257590141380206e-05,-0.00017643443425185978,0.0003634816675912589
678,0.00029630635981447995,-0.00018111494136974216,0.0009460229193791747
679,0.00047235688543878496,-5.518736725207418e-05,0.0011902849655598402
680,8.993859955808148e-05,0.00023837998742237687,-0.00011207340867258608
681,0.00035664986353367567,2.1277621272020042e-05,0.0008130535134114325
682,0.00026296632131561637,0.0006779071409255266,-0.00030172127299010754
683,7.964148971950635e-05,-0.00013124085671734065,0.0003666285192593932
684,0.00013580582162830979,-4.416280353325419e-05,0.00038072283496148884
685,0.00029242804157547653,4.643908323487267e-05,0.0006271913298405707
686,0.00013723848678637296,-7.859998004278168e-05,0.000430970307206735
687,2.7549973310669884e-05,6.491961357824039e-06,5.6207547459052876e-05
688,-6.793646025471389e-05,-0.0002807712589856237,0.00022170763986650854
689,5.438973312266171e-05,0.0003450489020906389,-0.00034116458846256137
690,0.00021985145576763898,0.00010092682350659743,0.0003816945245489478
691,0.0004986936110071838,0.0004512354207690805,0.0005632789107039571
692,0.0005848499131388962,-0.0005012912442907691,0.002062966348603368
693,0.0003770964976865798,-0.0002168971550418064,0.0011854548938572407
694,0.00035039105569012463,0.00010393663978902623,0.0006857874686829746
695,-1.071581482392503e-05,-1.2876015716756228e-05,-7.776025086059235e-06
696,2.4108639991027303e-05,-0.0005183875327929854,0.0007623847341164947
697,0.00016246206359937787,0.0003285403654444963,-6.355172808980569e-05
698,-7.290110079338774e-05,0.0005942451534792781,-0.0009808118920773268
699,-5.268744644126855e-05,-0.00012521329335868359,4.6012031816644594e-05
700,0.00011657720460789278,0.00015747325960546732,6.092230250942521e-05
701,0.00032203897717408836,0.001238629687577486,-0.0009253373718820512
702,7.425586954923347e-05,-0.000126041573821567,0.0003468381182756275
703,-6.556109292432666e-05,-8.768505210809963e-08,-0.0001546629937365651
704,-4.780111703439616e-05,9.994418178393971e-06,-0.00012645433889701962
705,0.0005784400855191052,0.0009035055991262197,0.0001360625756205991
706,0.0004096493939869106,0.0007616129005327821,-6.933316763024777e-05
707,0.0003410737554077059,6.112875416874886e-05,0.000722047290764749
708,-3.3878415706567466e-05,0.00027217264869250357,-0.00045037924428470433
709,-1.4684716006740928e-05,-0.00011095029185526073,0.00011632188397925347
710,0.0001318463182542473,-0.0002636263088788837,0.0006700399098917842
711,0.00021464515884872526,-0.00027064429013989866,0.0008750693523325026
712,0.0002447438600938767,-9.388261241838336e-05,0.0007055762107484043
713,-0.0001719597785267979,-0.00018533645197749138,-0.0001537556672701612
714,2.510349986550864e-05,-0.00019632560724858195,0.00032644352177158
715,0.00016689387848600745,0.00016356892592739314,0.0001714187819743529
716,-2.0962892449460924e-05,-0.00010662335262168199,9.561129991197959e-05
717,0.0001694596721790731,-7.180752436397597e-05,0.0004977971548214555
718,4.536625783657655e-05,0.00017517231754027307,-0.0001312851090915501
719,0.00019304428133182228,0.00014501280384138227,0.00025840968010015786
720,3.345280856592581e-05,0.00016047584358602762,-0.00013941118959337473
721,0.0002419455850031227,0.00041008455445989966,1.3127450074534863e-05
722,1.2500028788053896e-05,0.0004877865721937269,-0.000634311290923506
723,0.0002549992932472378,0.00023551764024887234,0.000281511660432443
724,0.0006926073110662401,0.000230323028517887,0.0013217240339145064
725,5.221050014370121e-05,-0.00019425101345404983,0.00038761680480092764
726,0.00023261331079993397,-3.641260991571471e-05,0.0005987273179925978
727,6.936569116078317e-05,-0.00015003963198978454,0.00036795157939195633
728,0.00019391384557820857,-0.0003787325113080442,0.0009732209728099406
729,-6.433606176869944e-05,-0.00032556612859480083,0.00029116860241629183
730,0.00010396074503660202,0.0006898383726365864,-0.0006933525437489152
731,4.403999264468439e-05,0.0006315431091934443,-0.0007554854964837432
732,0.00011600575817283243,0.00028789317002519965,-0.00011791360884672031
733,7.915274181868881e-05,0.0006635971367359161,-0.0007162102265283465
734,6.308898264251184e-06,0.00025173946050927043,-0.0003276943461969495
735,-0.00011008123692590743,-7.05623606336303e-05,-0.000163861972396262
736,2.7573885745368898e-05,0.00044352540862746537,-0.000538489141035825
737,0.00010122440289705992,0.0002913439820986241,-0.00015750687452964485
738,0.00014630243822466582,0.00014371016004588455,0.0001498302153777331
739,0.0001665659947320819,6.248279532883316e-05,0.0003082115144934505
740,0.00016574385517742485,-0.00016433327982667834,0.0006149415276013315
741,7.566111162304878e-05,-0.0002467983867973089,0.0005144920432940125
742,0.00011450365127529949,-2.9589335099444725e-05,0.00031059791217558086
743,0.00036897510290145874,-0.00010879278124775738,0.0010191635228693485
744,3.465385361778317e-06,0.00015561157488264143,-0.00020358842448331416
745,0.00023030710872262716,-0.00018400492263026536,0.0007941389922052622
746,0.0001781702449079603,-0.00035592998028732836,0.0009050203370861709
747,-7.280425961653236e-06,-6.865192699478939e-05,7.623922283528373e-05
748,0.0004088013374712318,2.571573895693291e-05,0.0009301375830546021
749,0.0002192411047872156,-0.0004814404819626361,0.0011727894889190793
750,5.7402885431656614e-05,-2.7065541871706955e-05,0.00017235492123290896
751,-9.415097338205669e-06,0.000552638026420027,-0.0007743059541098773
752,4.398310193209909e-05,0.00038844364462420344,-0.0004247889155521989
753,-0.00010057764302473515,0.0010180636309087276,-0.00162292190361768
754,-0.0002944005827885121,0.0007102001109160483,-0.0016615487402305007
755,0.0005030405591242015,0.00023216371482703835,0.0008716732263565063
756,0.00018183271458838135,7.127629214664921e-05,0.00033228754182346165
757,0.0003444946778472513,0.00030029332265257835,0.0004046478134114295
758,0.0001983609254239127,-0.00038209473132155836,0.0009882955346256495
759,0.00015571096446365118,-0.0003713482292369008,0.0008729791152291
760,0.0001303929166169837,-0.0008394347969442606,0.0014502190751954913
761,6.485541962319985e-05,-0.00036809701123274863,0.000654054747428745
762,-3.172383367200382e-05,-0.00016948107804637402,0.00015574823191855103
763,-7.414909487124532e-05,-0.0004906401154585183,0.0004926481633447111
764,9.479834989178926e-05,0.00016683569992892444,-3.2363684567826567e-06
765,0.00018771999748423696,0.000760648341383785,-0.0005919708055444062
766,8.30067292554304e-05,0.00017979285621549934,-4.870825432590209e-05
767,-0.00010637199738994241,0.000475595094030723,-0.0008983637089841068
768,2.8010326786898077e-05,0.00026027450803667307,-0.00028807498165406287
769,0.00040277998778037727,0.0011294789146631956,-0.000586175243370235
770,6.75558767397888e-05,-0.00016108671843539923,0.00037871269159950316
771,0.0001819796598283574,0.00038948518340475857,-0.0001004119694698602
772,6.031696102581918e-05,-0.00012054319813614711,0.0003064471820835024
773,3.137578914902406e-06,5.829157544212649e-06,-5.253335189081554e-07
774,8.247260848293081e-05,0.0001381764595862478,6.665936780336779e-06
775,6.570432014996186e-05,-0.00030639886972494423,0.0005720947519876063
776,0.0001363307237625122,-0.000124373531434685,0.0004911198047921062
777,7.669674960197881e-05,1.141468692367198e-05,0.00016553823661524802
778,0.00015889979840721935,-0.00017583741282578558,0.000614439370110631
779,0.0003140941262245178,-0.0002758110931608826,0.0011168884811922908
780,0.00021659671620000154,0.0002634933334775269,0.00015277572674676776
781,8.386201807297766e-05,0.00011504120629979298,4.1430670535191894e-05
782,4.415119838085957e-05,-0.0003208227572031319,0.0005408395663835108
783,0.00011407850251998752,0.0003422265581320971,-0.00019640523532871157
784,-0.00013997801579535007,0.0005072401836514473,-0.0010207691229879856
785,-0.00024639637558721006,0.0007994294282980263,-0.0016696470556780696
786,-0.00029570661718025804,0.0003030790248885751,-0.0011105863377451897
787,-0.00019800427253358066,0.00010172384645557031,-0.0006059003644622862
788,0.00023430697910953313,0.0001904670352814719,0.00029396824538707733
789,0.00032939965603873134,0.00022302310389932245,0.00047416603774763644
790,0.00019071216229349375,-0.0003439233114477247,0.0009182908106595278
791,-1.1556343451957218e-05,0.00011341315985191613,-0.00018162571359425783
792,-9.555467840982601e-05,-3.6893068227072945e-06,-0.00022057305613998324
793,-9.444768511457369e-05,-0.00048049865290522575,0.00043092414853163064
794,-0.00016901882190722972,-0.0005681338370777667,0.0003741316613741219
795,0.0001314174005528912,0.0005700818728655577,-0.0004655554657801986
796,0.00016318466805387288,0.00018897691916208714,0.00012808432802557945
797,0.00014089385513216257,0.0002617412246763706,-2.356576624151785e-05
798,-0.00011178856220794842,0.0003356202505528927,-0.0007206614245660603
799,-0.00023554539075121284,-0.00014625716721639037,-0.0003570565895643085
800,-5.2859399147564545e-05,0.000595199700910598,-0.000934794545173645
801,0.000149907311424613,0.0006271636812016368,-0.000499584770295769
802,-7.000427899583883e-07,5.842897735419683e-05,-8.116797835100442e-05
803,0.00020067370496690273,-9.240671352017671e-05,0.0005995231331326067
804,0.00019520294154062867,-0.00042877576197497547,0.001044367323629558
805,6.765992566215573e-06,2.436523027427029e-05,-1.7184556782012805e-05
806,-3.771591582335532e-05,0.0003530908434186131,-0.0005695598083548248
807,0.00011580970021896064,1.609590253792703e-05,0.0002515088999643922
808,5.411779784481041e-05,-2.2753167286282405e-05,0.00015873055963311344
809,-4.893879304290749e-05,-0.00038228495395742357,0.00040470773819833994
810,6.269401637837291e-05,-7.838823512429371e-05,0.0002546909963712096
811,0.0001399413013132289,2.5139295757981017e-05,0.00029617385007441044
812,6.447357009164989e-05,-5.9891011915169656e-05,0.00023371972201857716
813,5.129485361976549e-05,4.6860641305102035e-05,5.732937279390171e-05
814,7.572331378469244e-05,-0.0007511419826187193,0.0012009934289380908
815,2.3205717297969386e-05,8.136298856697977e-05,-5.5939766752999276e-05
816,-0.00026477992651052773,0.0009367982274852693,-0.0018999918829649687
817,-0.00019759632414206862,0.00140108831692487,-0.0023732271511107683
818,-0.00014066521544009447,0.00027773407055065036,-0.0007100593065842986
819,-0.00011703066411428154,0.000800418434664607,-0.0013655753573402762
820,0.00019896880257874727,-2.773682354018092e-05,0.0005074895452708006
821,0.00020312950073275715,0.00010377221769886091,0.0003383435250725597
822,-2.282524474139791e-05,0.0004341568856034428,-0.0006447262712754309
823,-0.00014094235666561872,-0.00016275786038022488,-0.0001112539684982039
824,-7.610755346831866e-06,0.00016749232599977404,-0.00024590626708231866
825,0.00015271415759343654,0.0006112601840868592,-0.00047131525934673846
826,6.026581104379147e-05,0.00010627993469825014,-2.354216348976479e-06
827,0.00010610852768877521,0.0002756215981207788,-0.00012457961565814912
828,0.00031156421755440533,0.0006623457302339375,-0.00016580973169766366
829,9.49000459513627e-05,0.0001997338404180482,-4.776690184371546e-05
830,8.068291208473966e-06,0.00020289394888095558,-0.00025706744054332376
831,-0.00017053919145837426,0.0001204367945319973,-0.0005665247444994748
832,-1.9101315047009848e-05,0.00027493026573210955,-0.00041924515971913934
833,0.00041868796688504517,0.0006060947198420763,0.0001636485249036923
834,-0.00010440075129736215,-6.194450543262064e-05,-0.00016217895608861
835,-1.4013568943482824e-05,-0.00021043495507910848,0.0002532937505748123
836,-0.0001786162902135402,-0.00036735215689986944,7.823194027878344e-05
837,2.1715213733841665e-06,-0.00028536515310406685,0.00039347648271359503
838,-5.091448110761121e-05,0.00030205893563106656,-0.0005312713910825551
839,9.231526746589225e-06,8.095555676845834e-05,-8.837679342832416e-05
840,3.133428981527686e-05,-4.524831456365064e-05,0.00013555449550040066
841,-4.498675843933597e-05,-0.0002853054611478001,0.00028205980197526515
842,0.00021682403166778386,-0.00015044865722302347,0.0007166407303884625
843,0.0003015485417563468,-3.62572848189302e-07,0.0007124154944904149
844,0.0002641376049723476,8.968009206000715e-05,0.0005015545757487416
845,4.595921200234443e-05,-3.3750357033568434e-06,0.00011309755791444331
846,-4.0997896576300263e-05,-8.873162732925266e-05,2.3962340492289513e-05
847,-0.0001619249815121293,-2.1231791833997704e-05,-0.0003533925046212971
848,-0.00042235449654981494,0.0006067795329727232,-0.0018228895496577024
849,-0.0002511386410333216,0.0004770238301716745,-0.001242085825651884
850,-7.998548971954733e-05,5.2446790505200624e-05,-0.00026021074154414237
851,5.144031092640944e-06,0.000562417262699455,-0.0007532419404014945
852,-3.968411328969523e-05,4.621249536285177e-05,-0.00015657971380278468
853,0.00010803008626680821,0.0001973340258700773,-1.3502614820026793e-05
854,0.00014783306687604636,4.0702379919821396e-05,0.0002936258097179234
855,0.00012965031783096492,5.3911120630800724e-05,0.00023272285761777312
856,6.771809421479702e-05,0.000509783101733774,-0.0005338823539204895
857,7.964962424011901e-05,0.00011446775897638872,3.2266056223306805e-05
858,1.6099129425128922e-05,6.72331543682958e-06,2.885853245970793e-05
859,0.00029719321173615754,0.0006862473674118519,-0.00023226549092214555
860,0.0004453106375876814,0.0007619639509357512,1.4381197615875863e-05
861,0.0003055557608604431,0.0005193814286030829,1.4563121112587396e-05
862,0.00016933036386035383,0.0007221027626655996,-0.0005829303991049528
863,1.8446085960022174e-05,0.00050307996571064,-0.0006410859641619027
864,0.0005606520571745932,0.00027247454272583127,0.0009528290829621255
865,0.00028493080753833055,0.0005231286631897092,-3.922955147572793e-05
866,0.00014468429435510188,0.0003749495081137866,-0.00016868067905306816
867,1.441395579604432e-05,0.00024896013201214373,-0.0003047769423574209
868,-4.135936251259409e-05,-0.00016162500833161175,0.00012230862921569496
869,-0.000278734223684296,-8.865179552230984e-05,-0.000537414918653667
870,2.0504048734437674e-06,0.0003348281607031822,-0.0004508225538302213
871,0.00013382596080191433,0.00016173238691408187,9.584847430232912e-05
872,1.426110520696966e-05,6.168206891743466e-05,-5.027348379371688e-05
873,0.00011074833309976384,-7.670870400033891e-05,0.00036585619091056287
874,0.000129956504679285,0.00011055275535909459,0.00015636281750630587
875,0.00026213162345811725,0.00048112065996974707,-3.58877114194911e-05
876,0.0003823725855909288,0.000963639235123992,-0.0004086658882442862
877,0.0001373466511722654,0.0003455480036791414,-0.00014599184214603156
878,-7.498075865441933e-05,0.0011797785991802812,-0.0017825663089752197
879,-0.0003223854291718453,0.0007598695810884237,-0.0017952127382159233
880,-0.00019519179477356374,0.0004021399072371423,-0.0010080926585942507
881,-0.00022199661179911345,0.00030419472022913396,-0.0009380835690535605
882,2.3163671357906424e-05,0.00034929602406919,-0.0004206656594760716
883,4.262008224031888e-05,0.00018436493701301515,-0.0001502786617493257
884,2.6170231649302877e-05,3.655698674265295e-05,1.2035023246426135e-05
885,2.2268315660767257e-05,0.00018766227003652602,-0.00020281417528167367
886,0.00015382772835437208,0.00015194159641396254,0.0001563945843372494
887,-6.377608224283904e-05,-0.0002193758264183998,0.00014797755284234881
888,2.9294396881596185e-06,0.00020457577193155885,-0.00027148841763846576
889,-3.474807090242393e-05,-0.00020829147251788527,0.00020142488938290626
890,-6.217525424290216e-06,-7.626074511790648e-05,8.910338510759175e-05
891,0.00020479757222346961,0.00019429586245678365,0.00021908934286329895
892,-0.00014024697884451598,0.00011195138358743861,-0.00048346049152314663
893,0.0001478425838286057,0.00032778564491309226,-9.703959949547425e-05
894,-0.00021042436128482223,0.0006021209992468357,-0.0013162069953978062
895,0.0001038287446135655,0.0007560429512523115,-0.000783761206548661
896,0.00013752443192061037,-0.00035129557363688946,0.0008027534349821508
897,0.00023104377032723278,-0.0002570651995483786,0.0008953048964031041
898,0.0002168742212234065,1.817976954043843e-05,0.0004872749268542975
899,0.0003279970842413604,-0.00038831180427223444,0.0013028127141296864
900,-0.0001886464306153357,-2.0417019186425023e-05,-0.0004175876674707979
901,0.0001551081077195704,-0.00031096176826395094,0.0007893764995969832
902,-0.00014327329699881375,-7.002556958468631e-05,-0.00024295509501826018
903,8.400841034017503e-05,0.00016049950500018895,-2.00874110305449e-05
904,-0.00014364501112140715,0.00034265880822204053,-0.0008054495556280017
905,0.00011594554234761745,-3.6143548641121015e-05,0.0003229216090403497
906,2.7889494958799332e-05,-0.00010810145613504574,0.00021295787882991135
907,3.405028110137209e-05,0.00013768575445283204,-0.0001069858917617239
908,0.000145823709317483,0.0002841169771272689,-4.237780376570299e-05
909,0.00012872893421445042,-9.111218969337642e-05,0.0004279079148545861
910,0.00022084490046836436,-0.00041599522228352726,0.0010875124717131257
911,-8.950833580456674e-05,-0.00040104761137627065,0.0003344613069202751
912,-0.00013086064427625388,0.00022267350868787616,-0.0006119806203059852
913,2.6766354494611733e-05,-0.0002030415926128626,0.00033950901706703007
914,6.807993486290798e-05,0.0007975458283908665,-0.0009246409172192216
915,-2.379493480475503e-06,5.5576605518581346e-05,-8.1251171650365e-05
916,0.0001633169740671292,-2.6423489543958567e-05,0.00042153234244324267
917,3.63369399565272e-05,0.0001052606530720368,-5.7460463722236454e-05
918,7.285863830475137e-05,0.00010355896665714681,3.107894735876471e-05
919,-1.8743618284133845e-06,6.857341941213235e-05,-9.774581849342212e-05
920,-7.318369171116501e-06,0.0003014710091520101,-0.00042754586320370436
921,0.0005341892247088253,0.0003668937715701759,0.0007618595263920724
922,0.0007247201865538955,0.000502892246004194,0.0010266030440106988
923,0.00014908269804436713,-2.601067171781324e-05,0.0003873650566674769
924,0.00036614443524740636,0.0008507468155585229,-0.00029334466671571136
925,0.0002731977729126811,0.0011221132008358836,-0.0008820802322588861
926,0.0003581494092941284,0.00045907427556812763,0.00022080204507801682
927,0.00026165018789470196,0.0008622187306173146,-0.0005556558026000857
928,0.00026200368301942945,-0.00019868850358761847,0.0008889537421055138
929,-0.0001049596830853261,4.868418909609318e-05,-0.0003140515764243901
930,0.00024153932463377714,0.0002269019023515284,0.00026145920855924487
931,0.00021982383623253554,1.9480739865684882e-05,0.0004924681270495057
932,3.4650121961021796e-05,-6.0590991779463366e-06,9.005078027257696e-05
933,-0.00014256320719141513,-0.0002712738933041692,3.2597483368590474e-05
934,-0.00016280951967928559,4.689075467467774e-06,-0.0003907561185769737
935,8.264520874945447e-05,-9.191857679979876e-05,0.00032020677463151515
936,3.449948053457774e-05,0.0005347809055820107,-0.0006463270401582122
937,0.0001699434797046706,0.0005653697298839688,-0.00036818720400333405
938,-4.800538590643555e-05,0.00014243302575778216,-0.000307170586893335
939,-3.1029041565489024e-05,1.1453805200289935e-05,-8.884345152182505e-05
940,0.00010297142580384389,6.504102930193767e-05,0.00015459040878340602
941,0.0001717483246466145,0.00019076930766459554,0.00014586292672902346
942,0.0001885609090095386,0.00018933181127067655,0.00018751175957731903
943,0.0003427301999181509,6.425654282793403e-05,0.0007217011880129576
944,0.00017956155352294445,0.00018700167129281908,0.0001694363891147077
945,-2.2150214135763235e-05,-0.00017147364269476384,0.00018106214702129364
946,2.8452532205847092e-05,-0.00021991155517753214,0.0003664479881990701
947,2.740357922448311e-05,9.423185474588536e-06,5.187291026231833e-05
948,0.00012846934259869158,0.00028797370032407343,-8.859812078299001e-05
949,0.00028603285318240523,0.0007511659641750157,-0.0003469607327133417
950,0.00019064651860389858,0.0004731509543489665,-0.00019381010497454554
951,0.00018704621470533311,0.000431340973591432,-0.000145411366247572
952,0.00028721950366161764,0.00011136293323943391,0.0005265405052341521
953,0.00031169981230050325,3.3015145163517445e-05,0.0006909581134095788
954,0.00028845344786532223,-0.0001553657348267734,0.0008924412541091442
955,-0.0001355886342935264,-0.0003469861112535,0.0001520994701422751
956,-0.00022915416047908366,8.210950181819499e-05,-0.0006527489749714732
957,5.969051562715322e-05,0.0005949207697995007,-0.000668697408400476
958,0.00010773469693958759,0.0005411642487160861,-0.00048211400280706584
959,0.0005298264441080391,0.0006299212109297514,0.0003936088178306818
960,-5.3208375902613625e-05,-0.0006574399303644896,0.0007690826896578074
961,1.0251499588775914e-05,-4.933745731250383e-05,9.134534047916532e-05
962,0.000765144475735724,1.3345435945666395e-05,0.0017882578540593386
963,0.0005542044527828693,0.0001065482065314427,0.0011634139809757471
964,5.159495412954129e-05,-0.00028611457673832774,0.0005111794453114271
965,0.0002316605532541871,-0.00037346838507801294,0.0010551728773862123
966,-6.499944720417261e-05,-0.0003004987956956029,0.0002554886450525373
967,-1.1532430107763503e-05,-0.0002619681472424418,0.0003292823093943298
968,6.269542063819245e-05,-0.00017952061898540705,0.0003923240874428302
969,-0.00013403838966041803,-0.0002766850229818374,6.008756463415921e-05
970,-7.255478521983605e-06,0.00020770558330696076,-0.0002997932315338403
971,0.0001296635891776532,4.5696364395553246e-05,0.0002439335366943851
972,-4.6966266381787136e-05,-0.00014182770974002779,8.212945976993069e-05
973,0.00011053554044337943,0.0003506486536934972,-0.0002162312885047868
974,0.0001257168041775003,0.00035349244717508554,-0.00018426011956762522
975,0.00024816911900416017,0.000547729607205838,-0.00015949888620525599
976,0.00041507388232275844,0.0008579157874919474,-0.00018758403894025832
977,0.00023052490723785013,0.0006205855752341449,-0.0003003035963047296
978,7.904302765382454e-05,0.00042735080933198333,-0.0003949645615648478
979,0.000138213494210504,4.970312147634104e-05,0.00025866617215797305
980,0.00015367887681350112,0.0007954724715091288,-0.0007197295199148357
981,0.00013688822218682617,0.0009235981851816177,-0.000933735107537359
982,0.0001521031663287431,0.0005827025743201375,-0.00043389401980675757
983,0.0001480327919125557,0.00015666722902096808,0.00013628232409246266
984,-1.1930682376259938e-05,3.808003748417832e-05,-7.998960063559934e-05
985,0.00021944547188468277,0.00048038101522251964,-0.0001356583961751312
986,0.00010398752056062222,0.0001347613288089633,6.210785068105906e-05
987,0.00023163037258200347,8.495312795275822e-05,0.00043124158401042223
988,6.436934199882671e-05,0.00032865258981473744,-0.00029529028688557446
989,-0.00021988856315147132,0.0002627939684316516,-0.0008767649414949119
990,8.672749390825629e-05,0.00041653658263385296,-0.0003621054347604513
991,0.00026997458189725876,0.0007321099983528256,-0.00035893957829102874
992,0.00016738739213906229,1.74842934939079e-05,0.0003713886544574052
993,0.0001765811030054465,-0.00011371533037163317,0.0005716418381780386
994,0.0006840754067525268,0.00020983730792067945,0.001329459948465228
995,0.00032343072234652936,-0.0001758760045049712,0.0010029308032244444
996,0.00040951708797365427,1.840282311604824e-05,0.0009417794644832611
997,0.00016682976274751127,0.00015890439681243151,0.0001776152930688113
998,0.00047407386591657996,0.00021209637634456158,0.0008305955561809242
999,8.081695705186576e-05,-0.00012269470607861876,0.00035777330049313605
1000,5.0123494474973995e-06,5.0790396926458925e-05,-5.7286400988232344e-05
1001,5.052604683442041e-05,2.448488157824613e-05,8.596509724156931e-05
1002,2.257915366499219e-05,0.00021218415349721909,-0.0002354518510401249
1003,0.00038564647547900677,0.00035037394263781607,0.0004336483543738723
1004,6.534605199703947e-05,-1.1940885087824427e-05,0.00017052485782187432
1005,-8.957297541201115e-05,-4.5692300773225725e-05,-0.0001492895680712536
1006,-7.209849718492478e-05,1.6724621332286915e-07,-0.00017044403648469597
1007,0.00013325516192708164,0.00032975664362311363,-0.00013416114961728454
1008,0.0002433183544781059,0.0004897009930573404,-9.198052430292591e-05
1009,7.97192333266139e-05,8.462843834422529e-05,7.303836173377931e-05
1010,-5.570056487158581e-07,-6.0532976931426674e-05,8.106348832370713e-05
1011,0.00028323044534772635,0.00021622366330120713,0.000374419178115204
1012,-5.041218173573725e-05,0.00012000923015875742,-0.00028233646298758686
1013,-5.4949730838416144e-05,0.00014264813216868788,-0.0003238581703044474
1014,0.00022512709256261587,0.0004713933449238539,-0.00011001348320860416
1015,4.9513164412928745e-05,-0.00038799858884885907,0.0006449171924032271
1016,-1.459974009776488e-05,-6.105802458478138e-05,4.862474088440649e-05
1017,0.000174896398675628,-8.571139187552035e-05,0.0005295540322549641
1018,0.0003395659732632339,6.989805842749774e-05,0.0007065535755828023
1019,5.5387794418493286e-05,0.00039738876512274146,-0.00041003688238561153
1020,-5.277759919408709e-05,0.00033709226408973336,-0.0005833463510498405
1021,0.00011530703341122717,0.0005028314772062004,-0.00041206993046216667
1022,6.303318514255807e-06,0.0004955977201461792,-0.0006595711456611753
1023,5.8151686971541494e-05,0.0006131225381977856,-0.0006971008842810988
